ID,Employee,Expected Payable Days,Worked Days,PaidOff in Days,Total Payable Days,Expected Working Days,Present in Days,On Duty in Days,Total Worked Days,Paid Off Leave in Days,Holidays in Days,Weekends in Days,Total Paid off in Days,UnpaidOff Leave in Days,Absent in Days,Total Unpaid off in Days,Total Present Hours,Expected Payable Hours,Worked Hours,PaidOff in Hours,Total Payable Hours,Expected Working Hours,Present in Hours,On Duty in Hours,Total Worked Hours,PaidOff Leave in Hours,Holidays in Hours,Weekends in Hours,Total Paid off in Hours,UnpaidOff Leave in Hours,Deviation in Hours,Total UnpaidOff in Hours,Overtime,Total Paid Break Hours,Total Unpaid Break Hours,From,To
233775000000280005,233775000000280005,30.00,0.00,5.00,5.00,25.00,0.00,0.00,0.00,0.00,1.00,4.00,5.00,0.00,25.00,25.00,00:00,240:00,00:00,40:00,40:00,200:00,00:00,00:00,00:00,00:00,08:00,32:00,40:00,00:00,200:00,200:00,00:00,00:00,00:00,01-Sep-2025,30-Sep-2025
233775000000317001,233775000000317001,30.00,0.00,5.00,5.00,25.00,0.00,0.00,0.00,0.00,1.00,4.00,5.00,0.00,25.00,25.00,00:00,240:00,00:00,40:00,40:00,200:00,00:00,00:00,00:00,00:00,08:00,32:00,40:00,00:00,200:00,200:00,00:00,00:00,00:00,01-Sep-2025,30-Sep-2025
233775000000320001,233775000000320001,30.00,21.00,5.00,26.00,25.00,21.00,0.00,21.00,0.00,1.00,4.00,5.00,0.00,4.00,4.00,271:24,240:00,168:00,40:00,208:00,200:00,168:00,00:00,168:00,00:00,08:00,32:00,40:00,00:00,32:00,32:00,103:24,00:00,00:00,01-Sep-2025,30-Sep-2025
233775000000327011,233775000000327011,30.00,21.00,5.00,26.00,25.00,21.00,0.00,21.00,0.00,1.00,4.00,5.00,0.00,4.00,4.00,258:53,240:00,168:00,40:00,208:00,200:00,168:00,00:00,168:00,00:00,08:00,32:00,40:00,00:00,32:00,32:00,90:53,00:00,00:00,01-Sep-2025,30-Sep-2025
233775000000327045,233775000000327045,30.00,21.00,5.00,26.00,25.00,21.00,0.00,21.00,0.00,1.00,4.00,5.00,0.00,4.00,4.00,259:30,240:00,168:00,40:00,208:00,200:00,168:00,00:00,168:00,00:00,08:00,32:00,40:00,00:00,32:00,32:00,91:30,00:00,00:00,01-Sep-2025,30-Sep-2025
233775000000327054,233775000000327054,30.00,21.00,5.00,26.00,25.00,21.00,0.00,21.00,0.00,1.00,4.00,5.00,0.00,4.00,4.00,238:27,240:00,168:00,40:00,208:00,200:00,168:00,00:00,168:00,00:00,08:00,32:00,40:00,00:00,32:00,32:00,70:27,00:00,00:00,01-Sep-2025,30-Sep-2025
233775000000327063,233775000000327063,30.00,20.00,5.00,25.00,25.00,20.00,0.00,20.00,0.00,1.00,4.00,5.00,0.00,5.00,5.00,248:04,240:00,160:00,40:00,200:00,200:00,160:00,00:00,160:00,00:00,08:00,32:00,40:00,00:00,40:00,40:00,88:04,00:00,00:00,01-Sep-2025,30-Sep-2025
233775000000328001,233775000000328001,30.00,20.00,6.00,26.00,25.00,20.00,0.00,20.00,1.00,1.00,4.00,6.00,0.00,4.00,4.00,244:40,240:00,160:00,48:00,208:00,200:00,160:00,00:00,160:00,08:00,08:00,32:00,48:00,00:00,32:00,32:00,84:40,00:00,00:00,01-Sep-2025,30-Sep-2025
233775000000330001,233775000000330001,30.00,21.00,5.00,26.00,25.00,21.00,0.00,21.00,0.00,1.00,4.00,5.00,0.00,4.00,4.00,242:27,240:00,168:00,40:00,208:00,200:00,168:00,00:00,168:00,00:00,08:00,32:00,40:00,00:00,32:00,32:00,74:27,00:00,00:00,01-Sep-2025,30-Sep-2025
233775000000330014,233775000000330014,30.00,21.00,5.00,26.00,25.00,21.00,0.00,21.00,0.00,1.00,4.00,5.00,0.00,4.00,4.00,241:04,240:00,168:00,40:00,208:00,200:00,168:00,00:00,168:00,00:00,08:00,32:00,40:00,00:00,32:00,32:00,73:04,00:00,00:00,01-Sep-2025,30-Sep-2025
233775000000331001,233775000000331001,30.00,21.00,5.00,26.00,25.00,21.00,0.00,21.00,0.00,1.00,4.00,5.00,0.00,4.00,4.00,232:53,240:00,168:00,40:00,208:00,200:00,168:00,00:00,168:00,00:00,08:00,32:00,40:00,00:00,32:00,32:00,64:53,00:00,00:00,01-Sep-2025,30-Sep-2025
233775000000331019,233775000000331019,30.00,21.00,5.00,26.00,25.00,21.00,0.00,21.00,0.00,1.00,4.00,5.00,0.00,4.00,4.00,267:47,240:00,168:00,40:00,208:00,200:00,168:00,00:00,168:00,00:00,08:00,32:00,40:00,00:00,32:00,32:00,99:47,00:00,00:00,01-Sep-2025,30-Sep-2025
233775000000332001,233775000000332001,30.00,19.00,7.00,26.00,25.00,19.00,0.00,19.00,2.00,1.00,4.00,7.00,0.00,4.00,4.00,263:19,240:00,152:00,56:00,208:00,200:00,152:00,00:00,152:00,16:00,08:00,32:00,56:00,00:00,32:00,32:00,111:19,00:00,00:00,01-Sep-2025,30-Sep-2025
233775000000337001,233775000000337001,30.00,20.50,5.00,25.50,25.00,20.50,0.00,20.50,0.00,1.00,4.00,5.00,0.00,4.50,4.50,321:21,240:00,167:58,40:00,207:58,200:00,167:58,00:00,167:58,00:00,08:00,32:00,40:00,00:00,32:02,32:02,153:23,00:00,00:00,01-Sep-2025,30-Sep-2025
233775000000339001,233775000000339001,30.00,21.00,5.00,26.00,25.00,21.00,0.00,21.00,0.00,1.00,4.00,5.00,0.00,4.00,4.00,235:30,240:00,168:00,40:00,208:00,200:00,168:00,00:00,168:00,00:00,08:00,32:00,40:00,00:00,32:00,32:00,67:30,00:00,00:00,01-Sep-2025,30-Sep-2025
233775000000340001,233775000000340001,30.00,21.00,5.00,26.00,25.00,21.00,0.00,21.00,0.00,1.00,4.00,5.00,0.00,4.00,4.00,257:56,240:00,168:00,40:00,208:00,200:00,168:00,00:00,168:00,00:00,08:00,32:00,40:00,00:00,32:00,32:00,89:56,00:00,00:00,01-Sep-2025,30-Sep-2025
233775000000340010,233775000000340010,30.00,21.00,5.00,26.00,25.00,21.00,0.00,21.00,0.00,1.00,4.00,5.00,0.00,4.00,4.00,320:40,240:00,168:00,40:00,208:00,200:00,168:00,00:00,168:00,00:00,08:00,32:00,40:00,00:00,32:00,32:00,152:40,00:00,00:00,01-Sep-2025,30-Sep-2025
233775000000341001,233775000000341001,30.00,18.00,6.00,24.00,25.00,18.00,0.00,18.00,1.00,1.00,4.00,6.00,0.00,6.00,6.00,274:28,240:00,144:00,48:00,192:00,200:00,144:00,00:00,144:00,08:00,08:00,32:00,48:00,00:00,48:00,48:00,130:28,00:00,00:00,01-Sep-2025,30-Sep-2025
233775000000345235,233775000000345235,30.00,19.50,6.50,26.00,25.00,19.50,0.00,19.50,1.50,1.00,4.00,6.50,0.00,4.00,4.00,256:05,240:00,156:00,52:00,208:00,200:00,156:00,00:00,156:00,12:00,08:00,32:00,52:00,00:00,32:00,32:00,100:05,00:00,00:00,01-Sep-2025,30-Sep-2025
233775000000354003,233775000000354003,30.00,21.00,5.00,26.00,25.00,21.00,0.00,21.00,0.00,1.00,4.00,5.00,0.00,4.00,4.00,359:04,240:00,168:00,40:00,208:00,200:00,168:00,00:00,168:00,00:00,08:00,32:00,40:00,00:00,32:00,32:00,191:04,00:00,00:00,01-Sep-2025,30-Sep-2025
233775000000364001,233775000000364001,30.00,20.00,6.00,26.00,25.00,20.00,0.00,20.00,1.00,1.00,4.00,6.00,0.00,4.00,4.00,230:25,240:00,160:00,48:00,208:00,200:00,160:00,00:00,160:00,08:00,08:00,32:00,48:00,00:00,32:00,32:00,70:25,00:00,00:00,01-Sep-2025,30-Sep-2025
233775000000365043,233775000000365043,30.00,22.00,5.00,27.00,25.00,22.00,0.00,22.00,0.00,1.00,4.00,5.00,0.00,3.00,3.00,327:32,240:00,176:00,40:00,216:00,200:00,176:00,00:00,176:00,00:00,08:00,32:00,40:00,00:00,24:00,24:00,151:32,00:00,00:00,01-Sep-2025,30-Sep-2025
233775000000374022,233775000000374022,30.00,21.00,5.00,26.00,25.00,21.00,0.00,21.00,0.00,1.00,4.00,5.00,0.00,4.00,4.00,413:24,240:00,168:00,40:00,208:00,200:00,168:00,00:00,168:00,00:00,08:00,32:00,40:00,00:00,32:00,32:00,245:24,00:00,00:00,01-Sep-2025,30-Sep-2025
233775000000416011,233775000000416011,30.00,0.00,5.00,5.00,25.00,0.00,0.00,0.00,0.00,1.00,4.00,5.00,0.00,25.00,25.00,00:00,240:00,00:00,40:00,40:00,200:00,00:00,00:00,00:00,00:00,08:00,32:00,40:00,00:00,200:00,200:00,00:00,00:00,00:00,01-Sep-2025,30-Sep-2025
233775000000435051,233775000000435051,30.00,19.00,7.00,26.00,25.00,19.00,0.00,19.00,2.00,1.00,4.00,7.00,0.00,4.00,4.00,248:19,240:00,152:00,56:00,208:00,200:00,152:00,00:00,152:00,16:00,08:00,32:00,56:00,00:00,32:00,32:00,96:19,00:00,00:00,01-Sep-2025,30-Sep-2025
233775000000441035,233775000000441035,30.00,21.00,5.00,26.00,25.00,21.00,0.00,21.00,0.00,1.00,4.00,5.00,0.00,4.00,4.00,240:18,240:00,168:00,40:00,208:00,200:00,168:00,00:00,168:00,00:00,08:00,32:00,40:00,00:00,32:00,32:00,72:18,00:00,00:00,01-Sep-2025,30-Sep-2025
233775000000501033,233775000000501033,30.00,0.00,5.00,5.00,25.00,0.00,0.00,0.00,0.00,1.00,4.00,5.00,0.00,25.00,25.00,00:00,240:00,00:00,40:00,40:00,200:00,00:00,00:00,00:00,00:00,08:00,32:00,40:00,00:00,200:00,200:00,00:00,00:00,00:00,01-Sep-2025,30-Sep-2025
233775000000676001,233775000000676001,30.00,0.00,5.00,5.00,25.00,0.00,0.00,0.00,0.00,1.00,4.00,5.00,0.00,25.00,25.00,00:00,240:00,00:00,40:00,40:00,200:00,00:00,00:00,00:00,00:00,08:00,32:00,40:00,00:00,200:00,200:00,00:00,00:00,00:00,01-Sep-2025,30-Sep-2025
233775000000676022,233775000000676022,30.00,0.00,5.00,5.00,25.00,0.00,0.00,0.00,0.00,1.00,4.00,5.00,0.00,25.00,25.00,00:00,240:00,00:00,40:00,40:00,200:00,00:00,00:00,00:00,00:00,08:00,32:00,40:00,00:00,200:00,200:00,00:00,00:00,00:00,01-Sep-2025,30-Sep-2025
233775000000678001,233775000000678001,30.00,0.00,5.00,5.00,25.00,0.00,0.00,0.00,0.00,1.00,4.00,5.00,0.00,25.00,25.00,00:00,240:00,00:00,40:00,40:00,200:00,00:00,00:00,00:00,00:00,08:00,32:00,40:00,00:00,200:00,200:00,00:00,00:00,00:00,01-Sep-2025,30-Sep-2025
233775000000678022,233775000000678022,30.00,21.00,5.00,26.00,25.00,21.00,0.00,21.00,0.00,1.00,4.00,5.00,0.00,4.00,4.00,230:08,240:00,168:00,40:00,208:00,200:00,168:00,00:00,168:00,00:00,08:00,32:00,40:00,00:00,32:00,32:00,62:08,00:00,00:00,01-Sep-2025,30-Sep-2025
233775000000679001,233775000000679001,30.00,0.00,5.00,5.00,25.00,0.00,0.00,0.00,0.00,1.00,4.00,5.00,0.00,25.00,25.00,00:00,240:00,00:00,40:00,40:00,200:00,00:00,00:00,00:00,00:00,08:00,32:00,40:00,00:00,200:00,200:00,00:00,00:00,00:00,01-Sep-2025,30-Sep-2025
233775000000680001,233775000000680001,30.00,0.00,5.00,5.00,25.00,0.00,0.00,0.00,0.00,1.00,4.00,5.00,0.00,25.00,25.00,00:00,240:00,00:00,40:00,40:00,200:00,00:00,00:00,00:00,00:00,08:00,32:00,40:00,00:00,200:00,200:00,00:00,00:00,00:00,01-Sep-2025,30-Sep-2025
233775000000681001,233775000000681001,30.00,19.00,6.00,25.00,25.00,19.00,0.00,19.00,1.00,1.00,4.00,6.00,0.00,5.00,5.00,240:24,240:00,155:15,48:00,203:15,200:00,155:15,00:00,155:15,08:00,08:00,32:00,48:00,00:00,36:45,36:45,85:09,00:00,00:00,01-Sep-2025,30-Sep-2025
233775000000681043,233775000000681043,30.00,16.50,5.00,21.50,25.00,16.50,0.00,16.50,0.00,1.00,4.00,5.00,0.00,8.50,8.50,145:17,240:00,133:53,40:00,173:53,200:00,133:53,00:00,133:53,00:00,08:00,32:00,40:00,00:00,66:07,66:07,11:24,00:00,00:00,01-Sep-2025,30-Sep-2025
233775000000682001,233775000000682001,30.00,21.00,5.00,26.00,25.00,21.00,0.00,21.00,0.00,1.00,4.00,5.00,0.00,4.00,4.00,279:59,240:00,168:00,40:00,208:00,200:00,168:00,00:00,168:00,00:00,08:00,32:00,40:00,00:00,32:00,32:00,111:59,00:00,00:00,01-Sep-2025,30-Sep-2025
233775000000682022,233775000000682022,30.00,25.00,5.00,30.00,25.00,25.00,0.00,25.00,0.00,1.00,4.00,5.00,0.00,0.00,0.00,315:06,240:00,200:00,40:00,240:00,200:00,200:00,00:00,200:00,00:00,08:00,32:00,40:00,00:00,00:00,00:00,115:06,00:00,00:00,01-Sep-2025,30-Sep-2025
233775000000690102,233775000000690102,30.00,0.00,5.00,5.00,25.00,0.00,0.00,0.00,0.00,1.00,4.00,5.00,0.00,25.00,25.00,00:00,240:00,00:00,40:00,40:00,200:00,00:00,00:00,00:00,00:00,08:00,32:00,40:00,00:00,200:00,200:00,00:00,00:00,00:00,01-Sep-2025,30-Sep-2025
233775000000706179,233775000000706179,30.00,24.00,6.00,30.00,25.00,24.00,0.00,24.00,1.00,1.00,4.00,6.00,0.00,0.00,0.00,268:15,240:00,192:00,48:00,240:00,200:00,192:00,00:00,192:00,08:00,08:00,32:00,48:00,00:00,00:00,00:00,76:15,00:00,00:00,01-Sep-2025,30-Sep-2025
233775000000725217,233775000000725217,30.00,21.00,5.00,26.00,25.00,21.00,0.00,21.00,0.00,1.00,4.00,5.00,0.00,4.00,4.00,211:08,240:00,168:00,40:00,208:00,200:00,168:00,00:00,168:00,00:00,08:00,32:00,40:00,00:00,32:00,32:00,43:08,00:00,00:00,01-Sep-2025,30-Sep-2025
233775000000859057,233775000000859057,30.00,21.00,5.00,26.00,25.00,21.00,0.00,21.00,0.00,1.00,4.00,5.00,0.00,4.00,4.00,262:40,240:00,168:00,40:00,208:00,200:00,168:00,00:00,168:00,00:00,08:00,32:00,40:00,00:00,32:00,32:00,94:40,00:00,00:00,01-Sep-2025,30-Sep-2025
233775000000882077,233775000000882077,30.00,0.00,5.00,5.00,25.00,0.00,0.00,0.00,0.00,1.00,4.00,5.00,0.00,25.00,25.00,00:00,240:00,00:00,40:00,40:00,200:00,00:00,00:00,00:00,00:00,08:00,32:00,40:00,00:00,200:00,200:00,00:00,00:00,00:00,01-Sep-2025,30-Sep-2025
233775000000957099,233775000000957099,30.00,25.00,5.00,30.00,25.00,25.00,0.00,25.00,0.00,1.00,4.00,5.00,0.00,0.00,0.00,327:21,240:00,200:00,40:00,240:00,200:00,200:00,00:00,200:00,00:00,08:00,32:00,40:00,00:00,00:00,00:00,127:21,00:00,00:00,01-Sep-2025,30-Sep-2025
233775000000999013,233775000000999013,30.00,0.00,5.00,5.00,25.00,0.00,0.00,0.00,0.00,1.00,4.00,5.00,0.00,25.00,25.00,00:00,240:00,00:00,40:00,40:00,200:00,00:00,00:00,00:00,00:00,08:00,32:00,40:00,00:00,200:00,200:00,00:00,00:00,00:00,01-Sep-2025,30-Sep-2025
233775000000999034,233775000000999034,30.00,6.00,5.00,11.00,25.00,6.00,0.00,6.00,0.00,1.00,4.00,5.00,0.00,19.00,19.00,63:52,240:00,48:00,40:00,88:00,200:00,48:00,00:00,48:00,00:00,08:00,32:00,40:00,00:00,152:00,152:00,15:52,00:00,00:00,01-Sep-2025,30-Sep-2025
233775000001014075,233775000001014075,30.00,20.56,6.44,27.00,25.00,20.56,0.00,20.56,1.44,1.00,4.00,6.44,0.00,3.00,3.00,273:56,240:00,164:30,51:30,216:00,200:00,164:30,00:00,164:30,11:30,08:00,32:00,51:30,00:00,24:00,24:00,109:26,00:00,00:00,01-Sep-2025,30-Sep-2025
233775000001076057,233775000001076057,20.00,20.00,4.00,24.00,17.00,20.00,0.00,20.00,1.00,0.00,3.00,4.00,0.00,0.00,0.00,263:20,160:00,160:00,32:00,192:00,136:00,160:00,00:00,160:00,08:00,00:00,24:00,32:00,00:00,00:00,00:00,103:20,00:00,00:00,01-Sep-2025,30-Sep-2025
233775000001084153,233775000001084153,30.00,21.00,5.00,26.00,25.00,21.00,0.00,21.00,0.00,1.00,4.00,5.00,0.00,4.00,4.00,206:30,240:00,168:00,40:00,208:00,200:00,168:00,00:00,168:00,00:00,08:00,32:00,40:00,00:00,32:00,32:00,38:30,00:00,00:00,01-Sep-2025,30-Sep-2025
233775000001104011,233775000001104011,25.00,20.00,4.00,24.00,21.00,20.00,0.00,20.00,0.00,0.00,4.00,4.00,0.00,1.00,1.00,225:23,200:00,161:36,32:00,193:36,168:00,161:36,00:00,161:36,00:00,00:00,32:00,32:00,00:00,06:24,06:24,63:47,00:00,00:00,01-Sep-2025,30-Sep-2025
233775000001114041,233775000001114041,30.00,19.00,5.00,24.00,25.00,19.00,0.00,19.00,0.00,1.00,4.00,5.00,0.00,6.00,6.00,214:08,240:00,152:37,40:00,192:37,200:00,152:37,00:00,152:37,00:00,08:00,32:00,40:00,00:00,47:23,47:23,61:31,00:00,00:00,01-Sep-2025,30-Sep-2025
233775000001189005,233775000001189005,30.00,0.00,5.00,5.00,25.00,0.00,0.00,0.00,0.00,1.00,4.00,5.00,0.00,25.00,25.00,00:00,240:00,00:00,40:00,40:00,200:00,00:00,00:00,00:00,00:00,08:00,32:00,40:00,00:00,200:00,200:00,00:00,00:00,00:00,01-Sep-2025,30-Sep-2025
233775000001225005,233775000001225005,9.00,6.50,1.00,7.50,8.00,6.50,0.00,6.50,0.00,0.00,1.00,1.00,0.00,1.50,1.50,81:40,72:00,52:15,08:00,60:15,64:00,52:15,00:00,52:15,00:00,00:00,08:00,08:00,00:00,11:45,11:45,29:25,00:00,00:00,01-Sep-2025,30-Sep-2025
233775000001398075,233775000001398075,0.00,0.00,0.00,0.00,0.00,0.00,0.00,0.00,0.00,0.00,0.00,0.00,0.00,0.00,0.00,00:00,00:00,00:00,00:00,00:00,00:00,00:00,00:00,00:00,00:00,00:00,00:00,00:00,00:00,00:00,00:00,00:00,00:00,00:00,01-Sep-2025,30-Sep-2025
233775000001628011,233775000001628011,30.00,0.00,5.00,5.00,25.00,0.00,0.00,0.00,0.00,1.00,4.00,5.00,0.00,25.00,25.00,00:00,240:00,00:00,40:00,40:00,200:00,00:00,00:00,00:00,00:00,08:00,32:00,40:00,00:00,200:00,200:00,00:00,00:00,00:00,01-Sep-2025,30-Sep-2025
233775000000331019,233775000000331019,31.00,20.00,9.00,29.00,23.00,20.00,0.00,20.00,1.00,4.00,4.00,9.00,0.00,2.00,2.00,216:12,248:00,160:00,72:00,232:00,184:00,160:00,00:00,160:00,08:00,32:00,32:00,72:00,00:00,16:00,16:00,56:12,00:00,00:00,01-Oct-2025,31-Oct-2025
233775000000340010,233775000000340010,31.00,13.00,9.00,22.00,23.00,13.00,0.00,13.00,1.00,4.00,4.00,9.00,0.00,9.00,9.00,173:54,248:00,104:00,72:00,176:00,184:00,104:00,00:00,104:00,08:00,32:00,32:00,72:00,00:00,72:00,72:00,69:54,00:00,00:00,01-Oct-2025,31-Oct-2025
233775000000725217,233775000000725217,31.00,17.00,8.00,25.00,23.00,17.00,0.00,17.00,0.00,4.00,4.00,8.00,0.00,6.00,6.00,182:21,248:00,136:00,64:00,200:00,184:00,136:00,00:00,136:00,00:00,32:00,32:00,64:00,00:00,48:00,48:00,46:21,00:00,00:00,01-Oct-2025,31-Oct-2025
233775000000280005,233775000000280005,31.00,0.00,8.00,8.00,23.00,0.00,0.00,0.00,0.00,3.00,5.00,8.00,0.00,23.00,23.00,00:00,248:00,00:00,64:00,64:00,184:00,00:00,00:00,00:00,00:00,24:00,40:00,64:00,00:00,184:00,184:00,00:00,00:00,00:00,01-Aug-2025,31-Aug-2025
233775000000317001,233775000000317001,31.00,0.00,8.00,8.00,23.00,0.00,0.00,0.00,0.00,3.00,5.00,8.00,0.00,23.00,23.00,00:00,248:00,00:00,64:00,64:00,184:00,00:00,00:00,00:00,00:00,24:00,40:00,64:00,00:00,184:00,184:00,00:00,00:00,00:00,01-Aug-2025,31-Aug-2025
233775000000320001,233775000000320001,31.00,19.00,8.00,27.00,23.00,19.00,0.00,19.00,0.00,3.00,5.00,8.00,0.00,4.00,4.00,250:27,248:00,152:00,64:00,216:00,184:00,152:00,00:00,152:00,00:00,24:00,40:00,64:00,00:00,32:00,32:00,98:27,00:00,00:00,01-Aug-2025,31-Aug-2025
233775000000327011,233775000000327011,31.00,19.00,8.00,27.00,23.00,19.00,0.00,19.00,0.00,3.00,5.00,8.00,0.00,4.00,4.00,259:01,248:00,152:00,64:00,216:00,184:00,152:00,00:00,152:00,00:00,24:00,40:00,64:00,00:00,32:00,32:00,107:01,00:00,00:00,01-Aug-2025,31-Aug-2025
233775000000327045,233775000000327045,31.00,19.00,8.00,27.00,23.00,19.00,0.00,19.00,0.00,3.00,5.00,8.00,0.00,4.00,4.00,260:04,248:00,152:00,64:00,216:00,184:00,152:00,00:00,152:00,00:00,24:00,40:00,64:00,00:00,32:00,32:00,108:04,00:00,00:00,01-Aug-2025,31-Aug-2025
233775000000327054,233775000000327054,31.00,19.00,8.00,27.00,23.00,19.00,0.00,19.00,0.00,3.00,5.00,8.00,0.00,4.00,4.00,233:59,248:00,152:00,64:00,216:00,184:00,152:00,00:00,152:00,00:00,24:00,40:00,64:00,00:00,32:00,32:00,81:59,00:00,00:00,01-Aug-2025,31-Aug-2025
233775000000327063,233775000000327063,31.00,14.00,9.00,23.00,23.00,14.00,0.00,14.00,1.00,3.00,5.00,9.00,0.00,8.00,8.00,197:26,248:00,112:00,72:00,184:00,184:00,112:00,00:00,112:00,08:00,24:00,40:00,72:00,00:00,64:00,64:00,85:26,00:00,00:00,01-Aug-2025,31-Aug-2025
233775000000328001,233775000000328001,31.00,19.00,8.00,27.00,23.00,19.00,0.00,19.00,0.00,3.00,5.00,8.00,0.00,4.00,4.00,288:01,248:00,152:00,64:00,216:00,184:00,152:00,00:00,152:00,00:00,24:00,40:00,64:00,00:00,32:00,32:00,136:01,00:00,00:00,01-Aug-2025,31-Aug-2025
233775000000330001,233775000000330001,31.00,19.00,8.00,27.00,23.00,19.00,0.00,19.00,0.00,3.00,5.00,8.00,0.00,4.00,4.00,226:33,248:00,152:00,64:00,216:00,184:00,152:00,00:00,152:00,00:00,24:00,40:00,64:00,00:00,32:00,32:00,74:33,00:00,00:00,01-Aug-2025,31-Aug-2025
233775000000330014,233775000000330014,31.00,19.00,8.00,27.00,23.00,19.00,0.00,19.00,0.00,3.00,5.00,8.00,0.00,4.00,4.00,220:41,248:00,152:00,64:00,216:00,184:00,152:00,00:00,152:00,00:00,24:00,40:00,64:00,00:00,32:00,32:00,68:41,00:00,00:00,01-Aug-2025,31-Aug-2025
233775000000331001,233775000000331001,31.00,19.00,8.00,27.00,23.00,19.00,0.00,19.00,0.00,3.00,5.00,8.00,0.00,4.00,4.00,246:57,248:00,152:00,64:00,216:00,184:00,152:00,00:00,152:00,00:00,24:00,40:00,64:00,00:00,32:00,32:00,94:57,00:00,00:00,01-Aug-2025,31-Aug-2025
233775000000331019,233775000000331019,31.00,19.00,8.00,27.00,23.00,19.00,0.00,19.00,0.00,3.00,5.00,8.00,0.00,4.00,4.00,219:49,248:00,152:00,64:00,216:00,184:00,152:00,00:00,152:00,00:00,24:00,40:00,64:00,00:00,32:00,32:00,67:49,00:00,00:00,01-Aug-2025,31-Aug-2025
233775000000332001,233775000000332001,31.00,19.00,8.00,27.00,23.00,18.00,1.00,19.00,0.00,3.00,5.00,8.00,0.00,4.00,4.00,255:26,248:00,152:00,64:00,216:00,184:00,144:00,08:00,152:00,00:00,24:00,40:00,64:00,00:00,32:00,32:00,111:26,00:00,00:00,01-Aug-2025,31-Aug-2025
233775000000337001,233775000000337001,31.00,19.00,8.00,27.00,23.00,19.00,0.00,19.00,0.00,3.00,5.00,8.00,0.00,4.00,4.00,259:39,248:00,152:00,64:00,216:00,184:00,152:00,00:00,152:00,00:00,24:00,40:00,64:00,00:00,32:00,32:00,107:39,00:00,00:00,01-Aug-2025,31-Aug-2025
233775000000339001,233775000000339001,31.00,18.00,8.00,26.00,23.00,18.00,0.00,18.00,0.00,3.00,5.00,8.00,0.00,5.00,5.00,204:44,248:00,144:00,64:00,208:00,184:00,144:00,00:00,144:00,00:00,24:00,40:00,64:00,00:00,40:00,40:00,60:44,00:00,00:00,01-Aug-2025,31-Aug-2025
233775000000340001,233775000000340001,31.00,18.00,8.00,26.00,23.00,15.00,3.00,18.00,0.00,3.00,5.00,8.00,0.00,5.00,5.00,184:45,248:00,144:00,64:00,208:00,184:00,120:00,24:00,144:00,00:00,24:00,40:00,64:00,00:00,40:00,40:00,64:45,00:00,00:00,01-Aug-2025,31-Aug-2025
233775000000340010,233775000000340010,31.00,19.00,8.00,27.00,23.00,19.00,0.00,19.00,0.00,3.00,5.00,8.00,0.00,4.00,4.00,337:46,248:00,152:00,64:00,216:00,184:00,152:00,00:00,152:00,00:00,24:00,40:00,64:00,00:00,32:00,32:00,185:46,00:00,00:00,01-Aug-2025,31-Aug-2025
233775000000341001,233775000000341001,31.00,17.00,8.00,25.00,23.00,17.00,0.00,17.00,0.00,3.00,5.00,8.00,0.00,6.00,6.00,235:26,248:00,136:00,64:00,200:00,184:00,136:00,00:00,136:00,00:00,24:00,40:00,64:00,00:00,48:00,48:00,99:26,00:00,00:00,01-Aug-2025,31-Aug-2025
233775000000345235,233775000000345235,31.00,19.00,8.00,27.00,23.00,19.00,0.00,19.00,0.00,3.00,5.00,8.00,0.00,4.00,4.00,263:36,248:00,152:00,64:00,216:00,184:00,152:00,00:00,152:00,00:00,24:00,40:00,64:00,00:00,32:00,32:00,111:36,00:00,00:00,01-Aug-2025,31-Aug-2025
233775000000354003,233775000000354003,31.00,20.00,8.00,28.00,23.00,20.00,0.00,20.00,0.00,3.00,5.00,8.00,0.00,3.00,3.00,282:49,248:00,160:00,64:00,224:00,184:00,160:00,00:00,160:00,00:00,24:00,40:00,64:00,00:00,24:00,24:00,122:49,00:00,00:00,01-Aug-2025,31-Aug-2025
233775000000364001,233775000000364001,31.00,20.00,8.00,28.00,23.00,20.00,0.00,20.00,0.00,3.00,5.00,8.00,0.00,3.00,3.00,231:31,248:00,160:00,64:00,224:00,184:00,160:00,00:00,160:00,00:00,24:00,40:00,64:00,00:00,24:00,24:00,71:31,00:00,00:00,01-Aug-2025,31-Aug-2025
233775000000365043,233775000000365043,31.00,20.00,8.00,28.00,23.00,20.00,0.00,20.00,0.00,3.00,5.00,8.00,0.00,3.00,3.00,303:33,248:00,160:00,64:00,224:00,184:00,160:00,00:00,160:00,00:00,24:00,40:00,64:00,00:00,24:00,24:00,143:33,00:00,00:00,01-Aug-2025,31-Aug-2025
233775000000374022,233775000000374022,31.00,19.00,8.00,27.00,23.00,19.00,0.00,19.00,0.00,3.00,5.00,8.00,0.00,4.00,4.00,371:56,248:00,152:00,64:00,216:00,184:00,152:00,00:00,152:00,00:00,24:00,40:00,64:00,00:00,32:00,32:00,219:56,00:00,00:00,01-Aug-2025,31-Aug-2025
233775000000416011,233775000000416011,31.00,0.00,8.00,8.00,23.00,0.00,0.00,0.00,0.00,3.00,5.00,8.00,0.00,23.00,23.00,00:00,248:00,00:00,64:00,64:00,184:00,00:00,00:00,00:00,00:00,24:00,40:00,64:00,00:00,184:00,184:00,00:00,00:00,00:00,01-Aug-2025,31-Aug-2025
233775000000435051,233775000000435051,31.00,19.00,8.00,27.00,23.00,19.00,0.00,19.00,0.00,3.00,5.00,8.00,0.00,4.00,4.00,256:20,248:00,152:00,64:00,216:00,184:00,152:00,00:00,152:00,00:00,24:00,40:00,64:00,00:00,32:00,32:00,104:20,00:00,00:00,01-Aug-2025,31-Aug-2025
233775000000441035,233775000000441035,31.00,19.00,8.00,27.00,23.00,19.00,0.00,19.00,0.00,3.00,5.00,8.00,0.00,4.00,4.00,233:11,248:00,152:00,64:00,216:00,184:00,152:00,00:00,152:00,00:00,24:00,40:00,64:00,00:00,32:00,32:00,81:11,00:00,00:00,01-Aug-2025,31-Aug-2025
233775000000501033,233775000000501033,31.00,0.00,8.00,8.00,23.00,0.00,0.00,0.00,0.00,3.00,5.00,8.00,0.00,23.00,23.00,00:00,248:00,00:00,64:00,64:00,184:00,00:00,00:00,00:00,00:00,24:00,40:00,64:00,00:00,184:00,184:00,00:00,00:00,00:00,01-Aug-2025,31-Aug-2025
233775000000676001,233775000000676001,31.00,0.00,8.00,8.00,23.00,0.00,0.00,0.00,0.00,3.00,5.00,8.00,0.00,23.00,23.00,00:00,248:00,00:00,64:00,64:00,184:00,00:00,00:00,00:00,00:00,24:00,40:00,64:00,00:00,184:00,184:00,00:00,00:00,00:00,01-Aug-2025,31-Aug-2025
233775000000676022,233775000000676022,31.00,0.00,8.00,8.00,23.00,0.00,0.00,0.00,0.00,3.00,5.00,8.00,0.00,23.00,23.00,00:00,248:00,00:00,64:00,64:00,184:00,00:00,00:00,00:00,00:00,24:00,40:00,64:00,00:00,184:00,184:00,00:00,00:00,00:00,01-Aug-2025,31-Aug-2025
233775000000678001,233775000000678001,31.00,0.00,8.00,8.00,23.00,0.00,0.00,0.00,0.00,3.00,5.00,8.00,0.00,23.00,23.00,00:00,248:00,00:00,64:00,64:00,184:00,00:00,00:00,00:00,00:00,24:00,40:00,64:00,00:00,184:00,184:00,00:00,00:00,00:00,01-Aug-2025,31-Aug-2025
233775000000678022,233775000000678022,31.00,19.00,8.00,27.00,23.00,19.00,0.00,19.00,0.00,3.00,5.00,8.00,0.00,4.00,4.00,211:49,248:00,152:00,64:00,216:00,184:00,152:00,00:00,152:00,00:00,24:00,40:00,64:00,00:00,32:00,32:00,59:49,00:00,00:00,01-Aug-2025,31-Aug-2025
233775000000679001,233775000000679001,31.00,0.00,8.00,8.00,23.00,0.00,0.00,0.00,0.00,3.00,5.00,8.00,0.00,23.00,23.00,00:00,248:00,00:00,64:00,64:00,184:00,00:00,00:00,00:00,00:00,24:00,40:00,64:00,00:00,184:00,184:00,00:00,00:00,00:00,01-Aug-2025,31-Aug-2025
233775000000680001,233775000000680001,31.00,0.00,8.00,8.00,23.00,0.00,0.00,0.00,0.00,3.00,5.00,8.00,0.00,23.00,23.00,00:00,248:00,00:00,64:00,64:00,184:00,00:00,00:00,00:00,00:00,24:00,40:00,64:00,00:00,184:00,184:00,00:00,00:00,00:00,01-Aug-2025,31-Aug-2025
233775000000681001,233775000000681001,31.00,19.00,8.00,27.00,23.00,19.00,0.00,19.00,0.00,3.00,5.00,8.00,0.00,4.00,4.00,238:50,248:00,152:00,64:00,216:00,184:00,152:00,00:00,152:00,00:00,24:00,40:00,64:00,00:00,32:00,32:00,86:50,00:00,00:00,01-Aug-2025,31-Aug-2025
233775000000681043,233775000000681043,31.00,10.50,8.00,18.50,23.00,10.50,0.00,10.50,0.00,3.00,5.00,8.00,0.00,12.50,12.50,121:12,248:00,86:46,64:00,150:46,184:00,86:46,00:00,86:46,00:00,24:00,40:00,64:00,00:00,97:14,97:14,34:26,00:00,00:00,01-Aug-2025,31-Aug-2025
233775000000682001,233775000000682001,31.00,18.00,9.00,27.00,23.00,18.00,0.00,18.00,1.00,3.00,5.00,9.00,0.00,4.00,4.00,225:26,248:00,144:00,72:00,216:00,184:00,144:00,00:00,144:00,08:00,24:00,40:00,72:00,00:00,32:00,32:00,81:26,00:00,00:00,01-Aug-2025,31-Aug-2025
233775000000682022,233775000000682022,31.00,23.00,8.00,31.00,23.00,23.00,0.00,23.00,0.00,3.00,5.00,8.00,0.00,0.00,0.00,220:06,248:00,184:00,64:00,248:00,184:00,184:00,00:00,184:00,00:00,24:00,40:00,64:00,00:00,00:00,00:00,36:06,00:00,00:00,01-Aug-2025,31-Aug-2025
233775000000690102,233775000000690102,31.00,0.00,8.00,8.00,23.00,0.00,0.00,0.00,0.00,3.00,5.00,8.00,0.00,23.00,23.00,00:00,248:00,00:00,64:00,64:00,184:00,00:00,00:00,00:00,00:00,24:00,40:00,64:00,00:00,184:00,184:00,00:00,00:00,00:00,01-Aug-2025,31-Aug-2025
233775000000706179,233775000000706179,31.00,22.00,9.00,31.00,23.00,22.00,0.00,22.00,1.00,3.00,5.00,9.00,0.00,0.00,0.00,219:48,248:00,176:00,72:00,248:00,184:00,176:00,00:00,176:00,08:00,24:00,40:00,72:00,00:00,00:00,00:00,43:48,00:00,00:00,01-Aug-2025,31-Aug-2025
233775000000725217,233775000000725217,31.00,18.00,8.00,26.00,23.00,18.00,0.00,18.00,0.00,3.00,5.00,8.00,0.00,5.00,5.00,182:00,248:00,144:00,64:00,208:00,184:00,144:00,00:00,144:00,00:00,24:00,40:00,64:00,00:00,40:00,40:00,38:00,00:00,00:00,01-Aug-2025,31-Aug-2025
233775000000859057,233775000000859057,31.00,10.00,8.00,18.00,23.00,10.00,0.00,10.00,0.00,3.00,5.00,8.00,0.00,13.00,13.00,152:20,248:00,80:00,64:00,144:00,184:00,80:00,00:00,80:00,00:00,24:00,40:00,64:00,00:00,104:00,104:00,72:20,00:00,00:00,01-Aug-2025,31-Aug-2025
233775000000882077,233775000000882077,31.00,0.00,8.00,8.00,23.00,0.00,0.00,0.00,0.00,3.00,5.00,8.00,0.00,23.00,23.00,00:00,248:00,00:00,64:00,64:00,184:00,00:00,00:00,00:00,00:00,24:00,40:00,64:00,00:00,184:00,184:00,00:00,00:00,00:00,01-Aug-2025,31-Aug-2025
233775000000957099,233775000000957099,13.00,10.00,3.00,13.00,10.00,10.00,0.00,10.00,0.00,1.00,2.00,3.00,0.00,0.00,0.00,103:34,104:00,80:00,24:00,104:00,80:00,80:00,00:00,80:00,00:00,08:00,16:00,24:00,00:00,00:00,00:00,23:34,00:00,00:00,01-Aug-2025,31-Aug-2025
233775000000999013,233775000000999013,31.00,0.00,8.00,8.00,23.00,0.00,0.00,0.00,0.00,3.00,5.00,8.00,0.00,23.00,23.00,00:00,248:00,00:00,64:00,64:00,184:00,00:00,00:00,00:00,00:00,24:00,40:00,64:00,00:00,184:00,184:00,00:00,00:00,00:00,01-Aug-2025,31-Aug-2025
233775000000999034,233775000000999034,31.00,0.00,8.00,8.00,23.00,0.00,0.00,0.00,0.00,3.00,5.00,8.00,0.00,23.00,23.00,00:00,248:00,00:00,64:00,64:00,184:00,00:00,00:00,00:00,00:00,24:00,40:00,64:00,00:00,184:00,184:00,00:00,00:00,00:00,01-Aug-2025,31-Aug-2025
233775000001014075,233775000001014075,0.00,0.00,0.00,0.00,0.00,0.00,0.00,0.00,0.00,0.00,0.00,0.00,0.00,0.00,0.00,00:00,00:00,00:00,00:00,00:00,00:00,00:00,00:00,00:00,00:00,00:00,00:00,00:00,00:00,00:00,00:00,00:00,00:00,00:00,01-Aug-2025,31-Aug-2025
233775000001076057,233775000001076057,0.00,0.00,0.00,0.00,0.00,0.00,0.00,0.00,0.00,0.00,0.00,0.00,0.00,0.00,0.00,00:00,00:00,00:00,00:00,00:00,00:00,00:00,00:00,00:00,00:00,00:00,00:00,00:00,00:00,00:00,00:00,00:00,00:00,00:00,01-Aug-2025,31-Aug-2025
233775000001084153,233775000001084153,0.00,0.00,0.00,0.00,0.00,0.00,0.00,0.00,0.00,0.00,0.00,0.00,0.00,0.00,0.00,00:00,00:00,00:00,00:00,00:00,00:00,00:00,00:00,00:00,00:00,00:00,00:00,00:00,00:00,00:00,00:00,00:00,00:00,00:00,01-Aug-2025,31-Aug-2025
233775000001104011,233775000001104011,0.00,0.00,0.00,0.00,0.00,0.00,0.00,0.00,0.00,0.00,0.00,0.00,0.00,0.00,0.00,00:00,00:00,00:00,00:00,00:00,00:00,00:00,00:00,00:00,00:00,00:00,00:00,00:00,00:00,00:00,00:00,00:00,00:00,00:00,01-Aug-2025,31-Aug-2025
233775000001114041,233775000001114041,0.00,7.00,0.00,7.00,0.00,7.00,0.00,7.00,0.00,0.00,0.00,0.00,0.00,0.00,0.00,67:33,00:00,56:00,00:00,56:00,00:00,56:00,00:00,56:00,00:00,00:00,00:00,00:00,00:00,00:00,00:00,11:33,00:00,00:00,01-Aug-2025,31-Aug-2025
233775000001189005,233775000001189005,31.00,0.00,8.00,8.00,23.00,0.00,0.00,0.00,0.00,3.00,5.00,8.00,0.00,23.00,23.00,00:00,248:00,00:00,64:00,64:00,184:00,00:00,00:00,00:00,00:00,24:00,40:00,64:00,00:00,184:00,184:00,00:00,00:00,00:00,01-Aug-2025,31-Aug-2025
233775000001225005,233775000001225005,0.00,0.00,0.00,0.00,0.00,0.00,0.00,0.00,0.00,0.00,0.00,0.00,0.00,0.00,0.00,00:00,00:00,00:00,00:00,00:00,00:00,00:00,00:00,00:00,00:00,00:00,00:00,00:00,00:00,00:00,00:00,00:00,00:00,00:00,01-Aug-2025,31-Aug-2025
233775000001398075,233775000001398075,0.00,0.00,0.00,0.00,0.00,0.00,0.00,0.00,0.00,0.00,0.00,0.00,0.00,0.00,0.00,00:00,00:00,00:00,00:00,00:00,00:00,00:00,00:00,00:00,00:00,00:00,00:00,00:00,00:00,00:00,00:00,00:00,00:00,00:00,01-Aug-2025,31-Aug-2025
233775000001628011,233775000001628011,31.00,0.00,8.00,8.00,23.00,0.00,0.00,0.00,0.00,3.00,5.00,8.00,0.00,23.00,23.00,00:00,248:00,00:00,64:00,64:00,184:00,00:00,00:00,00:00,00:00,24:00,40:00,64:00,00:00,184:00,184:00,00:00,00:00,00:00,01-Aug-2025,31-Aug-2025
233775000000340010,233775000000340010,1.00,0.00,0.00,0.00,1.00,0.00,0.00,0.00,0.00,0.00,0.00,0.00,0.00,1.00,1.00,00:00,08:00,00:00,00:00,00:00,08:00,00:00,00:00,00:00,00:00,00:00,00:00,00:00,00:00,08:00,08:00,00:00,00:00,00:00,01-Nov-2025,01-Nov-2025
233775000000725217,233775000000725217,1.00,0.00,0.00,0.00,1.00,0.00,0.00,0.00,0.00,0.00,0.00,0.00,0.00,1.00,1.00,00:00,08:00,00:00,00:00,00:00,08:00,00:00,00:00,00:00,00:00,00:00,00:00,00:00,00:00,08:00,08:00,00:00,00:00,00:00,01-Nov-2025,01-Nov-2025
233775000000331019,233775000000331019,4.00,1.00,1.00,2.00,3.00,1.00,0.00,1.00,0.00,0.00,1.00,1.00,0.00,2.00,2.00,09:21,32:00,08:00,08:00,16:00,24:00,08:00,00:00,08:00,00:00,00:00,08:00,08:00,00:00,16:00,16:00,01:21,00:00,00:00,01-Nov-2025,04-Nov-2025
233775000000280005,233775000000280005,31.00,0.00,8.00,8.00,23.00,0.00,0.00,0.00,0.00,4.00,4.00,8.00,0.00,23.00,23.00,00:00,248:00,00:00,64:00,64:00,184:00,00:00,00:00,00:00,00:00,32:00,32:00,64:00,00:00,184:00,184:00,00:00,00:00,00:00,01-Oct-2025,31-Oct-2025
233775000000327045,233775000000327045,31.00,21.00,8.00,29.00,23.00,21.00,0.00,21.00,0.00,4.00,4.00,8.00,0.00,2.00,2.00,234:19,248:00,168:00,64:00,232:00,184:00,168:00,00:00,168:00,00:00,32:00,32:00,64:00,00:00,16:00,16:00,66:19,00:00,00:00,01-Oct-2025,31-Oct-2025
233775000000330001,233775000000330001,31.00,20.00,8.00,28.00,23.00,20.00,0.00,20.00,0.00,4.00,4.00,8.00,0.00,3.00,3.00,214:17,248:00,160:00,64:00,224:00,184:00,160:00,00:00,160:00,00:00,32:00,32:00,64:00,00:00,24:00,24:00,54:17,00:00,00:00,01-Oct-2025,31-Oct-2025
233775000000337001,233775000000337001,31.00,19.00,9.00,28.00,23.00,19.00,0.00,19.00,1.00,4.00,4.00,9.00,0.00,3.00,3.00,224:01,248:00,152:00,72:00,224:00,184:00,152:00,00:00,152:00,08:00,32:00,32:00,72:00,00:00,24:00,24:00,72:01,00:00,00:00,01-Oct-2025,31-Oct-2025
233775000000345235,233775000000345235,31.00,22.00,9.00,31.00,23.00,22.00,0.00,22.00,1.00,4.00,4.00,9.00,0.00,0.00,0.00,230:29,248:00,176:00,72:00,248:00,184:00,176:00,00:00,176:00,08:00,32:00,32:00,72:00,00:00,00:00,00:00,54:29,00:00,00:00,01-Oct-2025,31-Oct-2025
233775000000374022,233775000000374022,31.00,20.00,8.00,28.00,23.00,20.00,0.00,20.00,0.00,4.00,4.00,8.00,0.00,3.00,3.00,344:46,248:00,160:00,64:00,224:00,184:00,160:00,00:00,160:00,00:00,32:00,32:00,64:00,00:00,24:00,24:00,184:46,00:00,00:00,01-Oct-2025,31-Oct-2025
233775000000501033,233775000000501033,31.00,0.00,8.00,8.00,23.00,0.00,0.00,0.00,0.00,4.00,4.00,8.00,0.00,23.00,23.00,00:00,248:00,00:00,64:00,64:00,184:00,00:00,00:00,00:00,00:00,32:00,32:00,64:00,00:00,184:00,184:00,00:00,00:00,00:00,01-Oct-2025,31-Oct-2025
233775000000678022,233775000000678022,31.00,20.00,9.00,29.00,23.00,20.00,0.00,20.00,1.00,4.00,4.00,9.00,0.00,2.00,2.00,225:16,248:00,160:00,72:00,232:00,184:00,160:00,00:00,160:00,08:00,32:00,32:00,72:00,00:00,16:00,16:00,65:16,00:00,00:00,01-Oct-2025,31-Oct-2025
233775000000681043,233775000000681043,31.00,13.50,8.00,21.50,23.00,13.50,0.00,13.50,0.00,4.00,4.00,8.00,0.00,9.50,9.50,132:58,248:00,111:01,64:00,175:01,184:00,111:01,00:00,111:01,00:00,32:00,32:00,64:00,00:00,72:59,72:59,21:57,00:00,00:00,01-Oct-2025,31-Oct-2025
233775000000706179,233775000000706179,31.00,23.00,9.00,32.00,23.00,23.00,0.00,23.00,1.00,4.00,4.00,9.00,0.00,0.00,0.00,243:38,248:00,184:00,72:00,256:00,184:00,184:00,00:00,184:00,08:00,32:00,32:00,72:00,00:00,00:00,00:00,59:38,00:00,00:00,01-Oct-2025,31-Oct-2025
233775000000999013,233775000000999013,31.00,0.00,8.00,8.00,23.00,0.00,0.00,0.00,0.00,4.00,4.00,8.00,0.00,23.00,23.00,00:00,248:00,00:00,64:00,64:00,184:00,00:00,00:00,00:00,00:00,32:00,32:00,64:00,00:00,184:00,184:00,00:00,00:00,00:00,01-Oct-2025,31-Oct-2025
233775000001084153,233775000001084153,31.00,20.00,8.00,28.00,23.00,20.00,0.00,20.00,0.00,4.00,4.00,8.00,0.00,3.00,3.00,190:50,248:00,160:00,64:00,224:00,184:00,160:00,00:00,160:00,00:00,32:00,32:00,64:00,00:00,24:00,24:00,30:50,00:00,00:00,01-Oct-2025,31-Oct-2025
233775000001225005,233775000001225005,31.00,17.50,8.50,26.00,23.00,17.50,0.00,17.50,0.50,4.00,4.00,8.50,0.00,5.00,5.00,203:29,248:00,140:00,68:00,208:00,184:00,140:00,00:00,140:00,04:00,32:00,32:00,68:00,00:00,40:00,40:00,63:29,00:00,00:00,01-Oct-2025,31-Oct-2025
233775000000317001,233775000000317001,31.00,0.00,8.00,8.00,23.00,0.00,0.00,0.00,0.00,4.00,4.00,8.00,0.00,23.00,23.00,00:00,248:00,00:00,64:00,64:00,184:00,00:00,00:00,00:00,00:00,32:00,32:00,64:00,00:00,184:00,184:00,00:00,00:00,00:00,01-Oct-2025,31-Oct-2025
233775000000327054,233775000000327054,31.00,19.00,9.00,28.00,22.00,19.00,0.00,19.00,0.00,5.00,4.00,9.00,0.00,3.00,3.00,217:38,248:00,152:00,72:00,224:00,176:00,152:00,00:00,152:00,00:00,40:00,32:00,72:00,00:00,24:00,24:00,65:38,00:00,00:00,01-Oct-2025,31-Oct-2025
233775000000330014,233775000000330014,31.00,20.00,9.00,29.00,22.00,20.00,0.00,20.00,0.00,5.00,4.00,9.00,0.00,2.00,2.00,218:08,248:00,160:00,72:00,232:00,176:00,160:00,00:00,160:00,00:00,40:00,32:00,72:00,00:00,16:00,16:00,58:08,00:00,00:00,01-Oct-2025,31-Oct-2025
233775000000339001,233775000000339001,31.00,20.00,8.00,28.00,23.00,20.00,0.00,20.00,0.00,4.00,4.00,8.00,0.00,3.00,3.00,217:26,248:00,160:00,64:00,224:00,184:00,160:00,00:00,160:00,00:00,32:00,32:00,64:00,00:00,24:00,24:00,57:26,00:00,00:00,01-Oct-2025,31-Oct-2025
233775000000354003,233775000000354003,31.00,22.50,8.50,31.00,23.00,22.50,0.00,22.50,0.50,4.00,4.00,8.50,0.00,0.00,0.00,325:04,248:00,180:00,68:00,248:00,184:00,180:00,00:00,180:00,04:00,32:00,32:00,68:00,00:00,00:00,00:00,145:04,00:00,00:00,01-Oct-2025,31-Oct-2025
233775000000416011,233775000000416011,31.00,0.00,8.00,8.00,23.00,0.00,0.00,0.00,0.00,4.00,4.00,8.00,0.00,23.00,23.00,00:00,248:00,00:00,64:00,64:00,184:00,00:00,00:00,00:00,00:00,32:00,32:00,64:00,00:00,184:00,184:00,00:00,00:00,00:00,01-Oct-2025,31-Oct-2025
233775000000676001,233775000000676001,31.00,0.00,8.00,8.00,23.00,0.00,0.00,0.00,0.00,4.00,4.00,8.00,0.00,23.00,23.00,00:00,248:00,00:00,64:00,64:00,184:00,00:00,00:00,00:00,00:00,32:00,32:00,64:00,00:00,184:00,184:00,00:00,00:00,00:00,01-Oct-2025,31-Oct-2025
233775000000679001,233775000000679001,31.00,0.00,8.00,8.00,23.00,0.00,0.00,0.00,0.00,4.00,4.00,8.00,0.00,23.00,23.00,00:00,248:00,00:00,64:00,64:00,184:00,00:00,00:00,00:00,00:00,32:00,32:00,64:00,00:00,184:00,184:00,00:00,00:00,00:00,01-Oct-2025,31-Oct-2025
233775000000682001,233775000000682001,31.00,19.50,8.50,28.00,23.00,19.50,0.00,19.50,0.50,4.00,4.00,8.50,0.00,3.00,3.00,231:03,248:00,156:00,68:00,224:00,184:00,156:00,00:00,156:00,04:00,32:00,32:00,68:00,00:00,24:00,24:00,75:03,00:00,00:00,01-Oct-2025,31-Oct-2025
233775000000859057,233775000000859057,31.00,22.50,8.50,31.00,23.00,22.50,0.00,22.50,0.50,4.00,4.00,8.50,0.00,0.00,0.00,221:43,248:00,180:00,68:00,248:00,184:00,180:00,00:00,180:00,04:00,32:00,32:00,68:00,00:00,00:00,00:00,41:43,00:00,00:00,01-Oct-2025,31-Oct-2025
233775000000999034,233775000000999034,31.00,19.50,8.00,27.50,23.00,19.50,0.00,19.50,0.00,4.00,4.00,8.00,0.00,3.50,3.50,227:27,248:00,158:18,64:00,222:18,184:00,158:18,00:00,158:18,00:00,32:00,32:00,64:00,00:00,25:42,25:42,69:09,00:00,00:00,01-Oct-2025,31-Oct-2025
233775000001104011,233775000001104011,31.00,18.00,8.00,26.00,23.00,18.00,0.00,18.00,0.00,4.00,4.00,8.00,0.00,5.00,5.00,211:09,248:00,144:00,64:00,208:00,184:00,144:00,00:00,144:00,00:00,32:00,32:00,64:00,00:00,40:00,40:00,67:09,00:00,00:00,01-Oct-2025,31-Oct-2025
233775000001398075,233775000001398075,17.00,11.00,5.00,16.00,12.00,11.00,0.00,11.00,0.00,3.00,2.00,5.00,0.00,1.00,1.00,100:47,136:00,88:00,40:00,128:00,96:00,88:00,00:00,88:00,00:00,24:00,16:00,40:00,00:00,08:00,08:00,12:47,00:00,00:00,01-Oct-2025,31-Oct-2025
233775000000320001,233775000000320001,31.00,18.00,10.00,28.00,22.00,18.00,0.00,18.00,1.00,5.00,4.00,10.00,0.00,3.00,3.00,203:11,248:00,144:00,80:00,224:00,176:00,144:00,00:00,144:00,08:00,40:00,32:00,80:00,00:00,24:00,24:00,59:11,00:00,00:00,01-Oct-2025,31-Oct-2025
233775000000327063,233775000000327063,31.00,19.00,10.00,29.00,22.00,19.00,0.00,19.00,1.00,5.00,4.00,10.00,0.00,2.00,2.00,230:24,248:00,152:00,80:00,232:00,176:00,152:00,00:00,152:00,08:00,40:00,32:00,80:00,00:00,16:00,16:00,78:24,00:00,00:00,01-Oct-2025,31-Oct-2025
233775000000331001,233775000000331001,31.00,21.00,8.00,29.00,23.00,21.00,0.00,21.00,0.00,4.00,4.00,8.00,0.00,2.00,2.00,213:10,248:00,168:00,64:00,232:00,184:00,168:00,00:00,168:00,00:00,32:00,32:00,64:00,00:00,16:00,16:00,45:10,00:00,00:00,01-Oct-2025,31-Oct-2025
233775000000340001,233775000000340001,31.00,20.00,8.00,28.00,23.00,20.00,0.00,20.00,0.00,4.00,4.00,8.00,0.00,3.00,3.00,227:53,248:00,162:14,64:00,226:14,184:00,162:14,00:00,162:14,00:00,32:00,32:00,64:00,00:00,21:46,21:46,65:39,00:00,00:00,01-Oct-2025,31-Oct-2025
233775000000364001,233775000000364001,31.00,17.00,13.00,30.00,23.00,17.00,0.00,17.00,5.00,4.00,4.00,13.00,0.00,1.00,1.00,175:16,248:00,136:00,104:00,240:00,184:00,136:00,00:00,136:00,40:00,32:00,32:00,104:00,00:00,08:00,08:00,39:16,00:00,00:00,01-Oct-2025,31-Oct-2025
233775000000435051,233775000000435051,31.00,16.00,11.00,27.00,22.00,16.00,0.00,16.00,2.00,5.00,4.00,11.00,2.00,2.00,4.00,165:03,248:00,128:00,88:00,216:00,176:00,128:00,00:00,128:00,16:00,40:00,32:00,88:00,16:00,16:00,32:00,37:03,00:00,00:00,01-Oct-2025,31-Oct-2025
233775000000676022,233775000000676022,31.00,0.00,8.00,8.00,23.00,0.00,0.00,0.00,0.00,4.00,4.00,8.00,0.00,23.00,23.00,00:00,248:00,00:00,64:00,64:00,184:00,00:00,00:00,00:00,00:00,32:00,32:00,64:00,00:00,184:00,184:00,00:00,00:00,00:00,01-Oct-2025,31-Oct-2025
233775000000680001,233775000000680001,31.00,0.00,8.00,8.00,23.00,0.00,0.00,0.00,0.00,4.00,4.00,8.00,0.00,23.00,23.00,00:00,248:00,00:00,64:00,64:00,184:00,00:00,00:00,00:00,00:00,32:00,32:00,64:00,00:00,184:00,184:00,00:00,00:00,00:00,01-Oct-2025,31-Oct-2025
233775000000682022,233775000000682022,31.00,24.00,8.00,32.00,23.00,24.00,0.00,24.00,0.00,4.00,4.00,8.00,0.00,0.00,0.00,266:33,248:00,192:00,64:00,256:00,184:00,192:00,00:00,192:00,00:00,32:00,32:00,64:00,00:00,00:00,00:00,74:33,00:00,00:00,01-Oct-2025,31-Oct-2025
233775000000882077,233775000000882077,31.00,0.00,8.00,8.00,23.00,0.00,0.00,0.00,0.00,4.00,4.00,8.00,0.00,23.00,23.00,00:00,248:00,00:00,64:00,64:00,184:00,00:00,00:00,00:00,00:00,32:00,32:00,64:00,00:00,184:00,184:00,00:00,00:00,00:00,01-Oct-2025,31-Oct-2025
233775000001014075,233775000001014075,31.00,23.00,8.00,31.00,23.00,23.00,0.00,23.00,0.00,4.00,4.00,8.00,0.00,0.00,0.00,229:25,248:00,184:00,64:00,248:00,184:00,184:00,00:00,184:00,00:00,32:00,32:00,64:00,00:00,00:00,00:00,45:25,00:00,00:00,01-Oct-2025,31-Oct-2025
233775000001114041,233775000001114041,31.00,15.00,9.00,24.00,23.00,15.00,0.00,15.00,1.00,4.00,4.00,9.00,0.00,7.00,7.00,211:40,248:00,120:00,72:00,192:00,184:00,120:00,00:00,120:00,08:00,32:00,32:00,72:00,00:00,56:00,56:00,91:40,00:00,00:00,01-Oct-2025,31-Oct-2025
233775000001628011,233775000001628011,31.00,0.00,8.00,8.00,23.00,0.00,0.00,0.00,0.00,4.00,4.00,8.00,0.00,23.00,23.00,00:00,248:00,00:00,64:00,64:00,184:00,00:00,00:00,00:00,00:00,32:00,32:00,64:00,00:00,184:00,184:00,00:00,00:00,00:00,01-Oct-2025,31-Oct-2025
233775000000327011,233775000000327011,31.00,17.50,10.50,28.00,22.00,17.50,0.00,17.50,1.50,5.00,4.00,10.50,0.00,3.00,3.00,184:15,248:00,140:00,84:00,224:00,176:00,140:00,00:00,140:00,12:00,40:00,32:00,84:00,00:00,24:00,24:00,44:15,00:00,00:00,01-Oct-2025,31-Oct-2025
233775000000328001,233775000000328001,31.00,17.00,11.00,28.00,22.00,17.00,0.00,17.00,2.00,5.00,4.00,11.00,0.00,3.00,3.00,188:48,248:00,136:00,88:00,224:00,176:00,136:00,00:00,136:00,16:00,40:00,32:00,88:00,00:00,24:00,24:00,52:48,00:00,00:00,01-Oct-2025,31-Oct-2025
233775000000332001,233775000000332001,31.00,21.00,11.00,32.00,22.00,21.00,0.00,21.00,2.00,5.00,4.00,11.00,0.00,0.00,0.00,201:13,248:00,168:00,88:00,256:00,176:00,168:00,00:00,168:00,16:00,40:00,32:00,88:00,00:00,00:00,00:00,33:13,00:00,00:00,01-Oct-2025,31-Oct-2025
233775000000341001,233775000000341001,31.00,18.00,9.00,27.00,23.00,18.00,0.00,18.00,1.00,4.00,4.00,9.00,0.00,4.00,4.00,261:46,248:00,144:00,72:00,216:00,184:00,144:00,00:00,144:00,08:00,32:00,32:00,72:00,00:00,32:00,32:00,117:46,00:00,00:00,01-Oct-2025,31-Oct-2025
233775000000365043,233775000000365043,31.00,21.00,8.00,29.00,23.00,21.00,0.00,21.00,0.00,4.00,4.00,8.00,0.00,2.00,2.00,272:28,248:00,168:00,64:00,232:00,184:00,168:00,00:00,168:00,00:00,32:00,32:00,64:00,00:00,16:00,16:00,104:28,00:00,00:00,01-Oct-2025,31-Oct-2025
233775000000441035,233775000000441035,31.00,17.50,11.50,29.00,22.00,17.50,0.00,17.50,2.50,5.00,4.00,11.50,0.00,2.00,2.00,182:26,248:00,140:00,92:00,232:00,176:00,140:00,00:00,140:00,20:00,40:00,32:00,92:00,00:00,16:00,16:00,42:26,00:00,00:00,01-Oct-2025,31-Oct-2025
233775000000678001,233775000000678001,31.00,0.00,8.00,8.00,23.00,0.00,0.00,0.00,0.00,4.00,4.00,8.00,0.00,23.00,23.00,00:00,248:00,00:00,64:00,64:00,184:00,00:00,00:00,00:00,00:00,32:00,32:00,64:00,00:00,184:00,184:00,00:00,00:00,00:00,01-Oct-2025,31-Oct-2025
233775000000681001,233775000000681001,31.00,18.00,9.00,27.00,23.00,18.00,0.00,18.00,1.00,4.00,4.00,9.00,0.00,4.00,4.00,194:38,248:00,144:00,72:00,216:00,184:00,144:00,00:00,144:00,08:00,32:00,32:00,72:00,00:00,32:00,32:00,50:38,00:00,00:00,01-Oct-2025,31-Oct-2025
233775000000690102,233775000000690102,31.00,0.00,8.00,8.00,23.00,0.00,0.00,0.00,0.00,4.00,4.00,8.00,0.00,23.00,23.00,00:00,248:00,00:00,64:00,64:00,184:00,00:00,00:00,00:00,00:00,32:00,32:00,64:00,00:00,184:00,184:00,00:00,00:00,00:00,01-Oct-2025,31-Oct-2025
233775000000957099,233775000000957099,31.00,20.38,9.12,29.50,23.00,20.38,0.00,20.38,1.12,4.00,4.00,9.12,0.00,1.50,1.50,250:28,248:00,166:59,73:00,239:59,184:00,166:59,00:00,166:59,09:00,32:00,32:00,73:00,00:00,08:01,08:01,83:29,00:00,00:00,01-Oct-2025,31-Oct-2025
233775000001076057,233775000001076057,31.00,24.00,8.00,32.00,23.00,24.00,0.00,24.00,0.00,4.00,4.00,8.00,0.00,0.00,0.00,259:20,248:00,192:00,64:00,256:00,184:00,192:00,00:00,192:00,00:00,32:00,32:00,64:00,00:00,00:00,00:00,67:20,00:00,00:00,01-Oct-2025,31-Oct-2025
233775000001189005,233775000001189005,31.00,0.00,8.00,8.00,23.00,0.00,0.00,0.00,0.00,4.00,4.00,8.00,0.00,23.00,23.00,00:00,248:00,00:00,64:00,64:00,184:00,00:00,00:00,00:00,00:00,32:00,32:00,64:00,00:00,184:00,184:00,00:00,00:00,00:00,01-Oct-2025,31-Oct-2025
233775000000681001,233775000000681001,10.00,12.50,4.00,16.50,7.00,12.50,0.00,12.50,1.00,1.00,2.00,4.00,0.00,0.00,0.00,129:17,80:00,102:17,32:00,134:17,56:00,102:17,00:00,102:17,08:00,08:00,16:00,32:00,00:00,00:00,00:00,27:00,00:00,00:00,01-Nov-2025,30-Nov-2025
233775000000320001,233775000000320001,30.00,24.00,6.00,30.00,24.00,24.00,0.00,24.00,0.00,1.00,5.00,6.00,0.00,0.00,0.00,244:04,240:00,192:00,48:00,240:00,192:00,192:00,00:00,192:00,00:00,08:00,40:00,48:00,00:00,00:00,00:00,52:04,00:00,00:00,01-Nov-2025,30-Nov-2025
233775000000327063,233775000000327063,30.00,22.50,7.00,29.50,24.00,22.50,0.00,22.50,1.00,1.00,5.00,7.00,0.50,0.00,0.50,236:19,240:00,180:00,56:00,236:00,192:00,180:00,00:00,180:00,08:00,08:00,40:00,56:00,04:00,00:00,04:00,56:19,00:00,00:00,01-Nov-2025,30-Nov-2025
233775000000435051,233775000000435051,30.00,20.50,7.00,27.50,24.00,20.50,0.00,20.50,1.00,1.00,5.00,7.00,1.00,1.50,2.50,234:00,240:00,164:00,56:00,220:00,192:00,164:00,00:00,164:00,08:00,08:00,40:00,56:00,08:00,12:00,20:00,70:00,00:00,00:00,01-Nov-2025,30-Nov-2025
233775000000320001,233775000000320001,1.00,1.00,0.00,1.00,1.00,1.00,0.00,1.00,0.00,0.00,0.00,0.00,0.00,0.00,0.00,09:58,08:00,08:00,00:00,08:00,08:00,08:00,00:00,08:00,00:00,00:00,00:00,00:00,00:00,00:00,00:00,01:58,00:00,00:00,01-Dec-2025,01-Dec-2025
233775000000435051,233775000000435051,1.00,1.00,0.00,1.00,1.00,1.00,0.00,1.00,0.00,0.00,0.00,0.00,0.00,0.00,0.00,09:12,08:00,08:00,00:00,08:00,08:00,08:00,00:00,08:00,00:00,00:00,00:00,00:00,00:00,00:00,00:00,01:12,00:00,00:00,01-Dec-2025,01-Dec-2025
233775000000681001,233775000000681001,0.00,1.00,0.00,1.00,0.00,1.00,0.00,1.00,0.00,0.00,0.00,0.00,0.00,0.00,0.00,12:26,00:00,08:00,00:00,08:00,00:00,08:00,00:00,08:00,00:00,00:00,00:00,00:00,00:00,00:00,00:00,04:26,00:00,00:00,01-Dec-2025,01-Dec-2025
233775000000327063,233775000000327063,4.00,4.00,0.00,4.00,4.00,4.00,0.00,4.00,0.00,0.00,0.00,0.00,0.00,0.00,0.00,39:29,32:00,32:00,00:00,32:00,32:00,32:00,00:00,32:00,00:00,00:00,00:00,00:00,00:00,00:00,00:00,07:29,00:00,00:00,01-Dec-2025,04-Dec-2025
233775000000280005,233775000000280005,30.00,0.00,6.00,6.00,24.00,0.00,0.00,0.00,0.00,1.00,5.00,6.00,0.00,24.00,24.00,00:00,240:00,00:00,48:00,48:00,192:00,00:00,00:00,00:00,00:00,08:00,40:00,48:00,00:00,192:00,192:00,00:00,00:00,00:00,01-Nov-2025,30-Nov-2025
233775000000327054,233775000000327054,30.00,24.00,6.00,30.00,24.00,24.00,0.00,24.00,0.00,1.00,5.00,6.00,0.00,0.00,0.00,266:52,240:00,192:00,48:00,240:00,192:00,192:00,00:00,192:00,00:00,08:00,40:00,48:00,00:00,00:00,00:00,74:52,00:00,00:00,01-Nov-2025,30-Nov-2025
233775000000331001,233775000000331001,30.00,19.00,10.00,29.00,24.00,19.00,0.00,19.00,4.00,1.00,5.00,10.00,0.00,1.00,1.00,178:28,240:00,152:00,80:00,232:00,192:00,152:00,00:00,152:00,32:00,08:00,40:00,80:00,00:00,08:00,08:00,26:28,00:00,00:00,01-Nov-2025,30-Nov-2025
233775000000340001,233775000000340001,30.00,22.00,6.00,28.00,24.00,22.00,0.00,22.00,0.00,1.00,5.00,6.00,2.00,0.00,2.00,304:12,240:00,176:00,48:00,224:00,192:00,176:00,00:00,176:00,00:00,08:00,40:00,48:00,16:00,00:00,16:00,128:12,00:00,00:00,01-Nov-2025,30-Nov-2025
233775000000364001,233775000000364001,30.00,19.00,7.00,26.00,23.00,19.00,0.00,19.00,0.00,2.00,5.00,7.00,4.00,0.00,4.00,182:36,240:00,152:00,56:00,208:00,184:00,152:00,00:00,152:00,00:00,16:00,40:00,56:00,32:00,00:00,32:00,30:36,00:00,00:00,01-Nov-2025,30-Nov-2025
233775000000441035,233775000000441035,30.00,17.50,9.50,27.00,24.00,17.50,0.00,17.50,3.50,1.00,5.00,9.50,2.50,0.50,3.00,169:09,240:00,140:00,76:00,216:00,192:00,140:00,00:00,140:00,28:00,08:00,40:00,76:00,20:00,04:00,24:00,29:09,00:00,00:00,01-Nov-2025,30-Nov-2025
233775000000678001,233775000000678001,30.00,0.00,6.00,6.00,24.00,0.00,0.00,0.00,0.00,1.00,5.00,6.00,0.00,24.00,24.00,00:00,240:00,00:00,48:00,48:00,192:00,00:00,00:00,00:00,00:00,08:00,40:00,48:00,00:00,192:00,192:00,00:00,00:00,00:00,01-Nov-2025,30-Nov-2025
233775000000681043,233775000000681043,30.00,14.50,6.00,20.50,24.00,14.50,0.00,14.50,0.00,1.00,5.00,6.00,0.00,9.50,9.50,130:31,240:00,127:00,48:00,175:00,192:00,127:00,00:00,127:00,00:00,08:00,40:00,48:00,00:00,65:00,65:00,03:31,00:00,00:00,01-Nov-2025,30-Nov-2025
233775000000706179,233775000000706179,30.00,24.00,6.00,30.00,24.00,24.00,0.00,24.00,0.00,1.00,5.00,6.00,0.00,0.00,0.00,259:03,240:00,192:00,48:00,240:00,192:00,192:00,00:00,192:00,00:00,08:00,40:00,48:00,00:00,00:00,00:00,67:03,00:00,00:00,01-Nov-2025,30-Nov-2025
233775000000999013,233775000000999013,30.00,0.00,6.00,6.00,24.00,0.00,0.00,0.00,0.00,1.00,5.00,6.00,0.00,24.00,24.00,00:00,240:00,00:00,48:00,48:00,192:00,00:00,00:00,00:00,00:00,08:00,40:00,48:00,00:00,192:00,192:00,00:00,00:00,00:00,01-Nov-2025,30-Nov-2025
233775000001084153,233775000001084153,30.00,15.50,7.00,22.50,24.00,15.50,0.00,15.50,1.00,1.00,5.00,7.00,0.00,7.50,7.50,179:09,240:00,130:58,56:00,186:58,192:00,130:58,00:00,130:58,08:00,08:00,40:00,56:00,00:00,53:02,53:02,48:11,00:00,00:00,01-Nov-2025,30-Nov-2025
233775000001225005,233775000001225005,30.00,18.50,7.00,25.50,24.00,18.50,0.00,18.50,1.00,1.00,5.00,7.00,4.50,0.00,4.50,249:28,240:00,148:00,56:00,204:00,192:00,148:00,00:00,148:00,08:00,08:00,40:00,56:00,36:00,00:00,36:00,101:28,00:00,00:00,01-Nov-2025,30-Nov-2025
233775000001858121,233775000001858121,6.00,4.00,1.00,5.00,5.00,4.00,0.00,4.00,0.00,0.00,1.00,1.00,0.00,1.00,1.00,53:37,48:00,35:39,08:00,43:39,40:00,35:39,00:00,35:39,00:00,00:00,08:00,08:00,00:00,04:21,04:21,17:58,00:00,00:00,01-Nov-2025,30-Nov-2025
233775000000317001,233775000000317001,30.00,0.00,6.00,6.00,24.00,0.00,0.00,0.00,0.00,1.00,5.00,6.00,0.00,24.00,24.00,00:00,240:00,00:00,48:00,48:00,192:00,00:00,00:00,00:00,00:00,08:00,40:00,48:00,00:00,192:00,192:00,00:00,00:00,00:00,01-Nov-2025,30-Nov-2025
233775000000328001,233775000000328001,30.00,24.00,6.00,30.00,24.00,24.00,0.00,24.00,0.00,1.00,5.00,6.00,0.00,0.00,0.00,244:51,240:00,192:00,48:00,240:00,192:00,192:00,00:00,192:00,00:00,08:00,40:00,48:00,00:00,00:00,00:00,52:51,00:00,00:00,01-Nov-2025,30-Nov-2025
233775000000332001,233775000000332001,30.00,23.00,7.00,30.00,24.00,23.00,0.00,23.00,1.00,1.00,5.00,7.00,0.00,0.00,0.00,236:01,240:00,184:00,56:00,240:00,192:00,184:00,00:00,184:00,08:00,08:00,40:00,56:00,00:00,00:00,00:00,52:01,00:00,00:00,01-Nov-2025,30-Nov-2025
233775000000341001,233775000000341001,30.00,8.50,6.00,14.50,24.00,8.50,0.00,8.50,0.00,1.00,5.00,6.00,0.00,15.50,15.50,114:55,240:00,70:51,48:00,118:51,192:00,70:51,00:00,70:51,00:00,08:00,40:00,48:00,00:00,121:09,121:09,44:04,00:00,00:00,01-Nov-2025,30-Nov-2025
233775000000365043,233775000000365043,30.00,18.50,11.00,29.50,24.00,18.50,0.00,18.50,5.00,1.00,5.00,11.00,0.50,0.00,0.50,213:28,240:00,148:00,88:00,236:00,192:00,148:00,00:00,148:00,40:00,08:00,40:00,88:00,04:00,00:00,04:00,65:28,00:00,00:00,01-Nov-2025,30-Nov-2025
233775000000501033,233775000000501033,30.00,0.00,6.00,6.00,24.00,0.00,0.00,0.00,0.00,1.00,5.00,6.00,0.00,24.00,24.00,00:00,240:00,00:00,48:00,48:00,192:00,00:00,00:00,00:00,00:00,08:00,40:00,48:00,00:00,192:00,192:00,00:00,00:00,00:00,01-Nov-2025,30-Nov-2025
233775000000678022,233775000000678022,30.00,21.50,8.50,30.00,23.00,21.50,0.00,21.50,1.50,2.00,5.00,8.50,0.00,0.00,0.00,206:45,240:00,172:00,68:00,240:00,184:00,172:00,00:00,172:00,12:00,16:00,40:00,68:00,00:00,00:00,00:00,34:45,00:00,00:00,01-Nov-2025,30-Nov-2025
233775000000682001,233775000000682001,30.00,23.00,7.00,30.00,24.00,23.00,0.00,23.00,1.00,1.00,5.00,7.00,0.00,0.00,0.00,227:37,240:00,184:00,56:00,240:00,192:00,184:00,00:00,184:00,08:00,08:00,40:00,56:00,00:00,00:00,00:00,43:37,00:00,00:00,01-Nov-2025,30-Nov-2025
233775000000859057,233775000000859057,30.00,23.00,6.00,29.00,24.00,23.00,0.00,23.00,0.00,1.00,5.00,6.00,0.00,1.00,1.00,274:45,240:00,184:00,48:00,232:00,192:00,184:00,00:00,184:00,00:00,08:00,40:00,48:00,00:00,08:00,08:00,90:45,00:00,00:00,01-Nov-2025,30-Nov-2025
233775000000999034,233775000000999034,30.00,17.50,6.00,23.50,24.00,17.50,0.00,17.50,0.00,1.00,5.00,6.00,0.00,6.50,6.50,195:07,240:00,150:05,48:00,198:05,192:00,150:05,00:00,150:05,00:00,08:00,40:00,48:00,00:00,41:55,41:55,45:02,00:00,00:00,01-Nov-2025,30-Nov-2025
233775000001104011,233775000001104011,30.00,18.00,7.00,25.00,24.00,18.00,0.00,18.00,1.00,1.00,5.00,7.00,0.00,5.00,5.00,167:44,240:00,144:00,56:00,200:00,192:00,144:00,00:00,144:00,08:00,08:00,40:00,56:00,00:00,40:00,40:00,23:44,00:00,00:00,01-Nov-2025,30-Nov-2025
233775000001398075,233775000001398075,30.00,19.00,6.50,25.50,24.00,19.00,0.00,19.00,0.50,1.00,5.00,6.50,0.00,4.50,4.50,217:20,240:00,160:29,52:00,212:29,192:00,160:29,00:00,160:29,04:00,08:00,40:00,52:00,00:00,27:31,27:31,56:51,00:00,00:00,01-Nov-2025,30-Nov-2025
233775000001993001,233775000001993001,30.00,0.00,6.00,6.00,24.00,0.00,0.00,0.00,0.00,1.00,5.00,6.00,0.00,24.00,24.00,00:00,240:00,00:00,48:00,48:00,192:00,00:00,00:00,00:00,00:00,08:00,40:00,48:00,00:00,192:00,192:00,00:00,00:00,00:00,01-Nov-2025,30-Nov-2025
233775000000327011,233775000000327011,30.00,18.50,11.50,30.00,24.00,18.50,0.00,18.50,5.50,1.00,5.00,11.50,0.00,0.00,0.00,185:14,240:00,148:00,92:00,240:00,192:00,148:00,00:00,148:00,44:00,08:00,40:00,92:00,00:00,00:00,00:00,37:14,00:00,00:00,01-Nov-2025,30-Nov-2025
233775000000330001,233775000000330001,30.00,20.00,10.00,30.00,24.00,20.00,0.00,20.00,4.00,1.00,5.00,10.00,0.00,0.00,0.00,209:56,240:00,160:00,80:00,240:00,192:00,160:00,00:00,160:00,32:00,08:00,40:00,80:00,00:00,00:00,00:00,49:56,00:00,00:00,01-Nov-2025,30-Nov-2025
233775000000337001,233775000000337001,30.00,24.00,6.00,30.00,24.00,24.00,0.00,24.00,0.00,1.00,5.00,6.00,0.00,0.00,0.00,292:45,240:00,192:00,48:00,240:00,192:00,192:00,00:00,192:00,00:00,08:00,40:00,48:00,00:00,00:00,00:00,100:45,00:00,00:00,01-Nov-2025,30-Nov-2025
233775000000345235,233775000000345235,30.00,21.50,8.50,30.00,24.00,21.50,0.00,21.50,2.50,1.00,5.00,8.50,0.00,0.00,0.00,278:54,240:00,172:00,68:00,240:00,192:00,172:00,00:00,172:00,20:00,08:00,40:00,68:00,00:00,00:00,00:00,106:54,00:00,00:00,01-Nov-2025,30-Nov-2025
233775000000374022,233775000000374022,30.00,24.00,6.00,30.00,24.00,24.00,0.00,24.00,0.00,1.00,5.00,6.00,0.00,0.00,0.00,427:27,240:00,192:00,48:00,240:00,192:00,192:00,00:00,192:00,00:00,08:00,40:00,48:00,00:00,00:00,00:00,235:27,00:00,00:00,01-Nov-2025,30-Nov-2025
233775000000676001,233775000000676001,30.00,0.00,6.00,6.00,24.00,0.00,0.00,0.00,0.00,1.00,5.00,6.00,0.00,24.00,24.00,00:00,240:00,00:00,48:00,48:00,192:00,00:00,00:00,00:00,00:00,08:00,40:00,48:00,00:00,192:00,192:00,00:00,00:00,00:00,01-Nov-2025,30-Nov-2025
233775000000679001,233775000000679001,30.00,0.00,6.00,6.00,24.00,0.00,0.00,0.00,0.00,1.00,5.00,6.00,0.00,24.00,24.00,00:00,240:00,00:00,48:00,48:00,192:00,00:00,00:00,00:00,00:00,08:00,40:00,48:00,00:00,192:00,192:00,00:00,00:00,00:00,01-Nov-2025,30-Nov-2025
233775000000682022,233775000000682022,30.00,22.50,6.50,29.00,24.00,22.50,0.00,22.50,0.50,1.00,5.00,6.50,0.50,0.50,1.00,272:57,240:00,180:00,52:00,232:00,192:00,180:00,00:00,180:00,04:00,08:00,40:00,52:00,04:00,04:00,08:00,92:57,00:00,00:00,01-Nov-2025,30-Nov-2025
233775000000882077,233775000000882077,30.00,0.00,6.00,6.00,24.00,0.00,0.00,0.00,0.00,1.00,5.00,6.00,0.00,24.00,24.00,00:00,240:00,00:00,48:00,48:00,192:00,00:00,00:00,00:00,00:00,08:00,40:00,48:00,00:00,192:00,192:00,00:00,00:00,00:00,01-Nov-2025,30-Nov-2025
233775000001014075,233775000001014075,30.00,22.50,7.50,30.00,24.00,22.50,0.00,22.50,1.50,1.00,5.00,7.50,0.00,0.00,0.00,251:44,240:00,180:00,60:00,240:00,192:00,180:00,00:00,180:00,12:00,08:00,40:00,60:00,00:00,00:00,00:00,71:44,00:00,00:00,01-Nov-2025,30-Nov-2025
233775000001114041,233775000001114041,30.00,18.50,8.00,26.50,24.00,18.50,0.00,18.50,2.00,1.00,5.00,8.00,3.00,0.50,3.50,195:21,240:00,149:26,64:00,213:26,192:00,149:26,00:00,149:26,16:00,08:00,40:00,64:00,24:00,02:34,26:34,45:55,00:00,00:00,01-Nov-2025,30-Nov-2025
233775000001628011,233775000001628011,30.00,21.50,6.50,28.00,24.00,21.50,0.00,21.50,0.50,1.00,5.00,6.50,0.00,2.00,2.00,205:33,240:00,172:00,52:00,224:00,192:00,172:00,00:00,172:00,04:00,08:00,40:00,52:00,00:00,16:00,16:00,33:33,00:00,00:00,01-Nov-2025,30-Nov-2025
233775000000327045,233775000000327045,30.00,23.00,7.00,30.00,24.00,23.00,0.00,23.00,1.00,1.00,5.00,7.00,0.00,0.00,0.00,245:11,240:00,184:00,56:00,240:00,192:00,184:00,00:00,184:00,08:00,08:00,40:00,56:00,00:00,00:00,00:00,61:11,00:00,00:00,01-Nov-2025,30-Nov-2025
233775000000330014,233775000000330014,30.00,22.00,8.00,30.00,24.00,22.00,0.00,22.00,2.00,1.00,5.00,8.00,0.00,0.00,0.00,206:54,240:00,176:00,64:00,240:00,192:00,176:00,00:00,176:00,16:00,08:00,40:00,64:00,00:00,00:00,00:00,30:54,00:00,00:00,01-Nov-2025,30-Nov-2025
233775000000339001,233775000000339001,30.00,23.50,6.50,30.00,24.00,23.50,0.00,23.50,0.50,1.00,5.00,6.50,0.00,0.00,0.00,257:48,240:00,188:00,52:00,240:00,192:00,188:00,00:00,188:00,04:00,08:00,40:00,52:00,00:00,00:00,00:00,69:48,00:00,00:00,01-Nov-2025,30-Nov-2025
233775000000354003,233775000000354003,30.00,22.50,6.50,29.00,24.00,22.50,0.00,22.50,0.50,1.00,5.00,6.50,0.00,1.00,1.00,389:41,240:00,180:00,52:00,232:00,192:00,180:00,00:00,180:00,04:00,08:00,40:00,52:00,00:00,08:00,08:00,209:41,00:00,00:00,01-Nov-2025,30-Nov-2025
233775000000416011,233775000000416011,30.00,0.00,6.00,6.00,24.00,0.00,0.00,0.00,0.00,1.00,5.00,6.00,0.00,24.00,24.00,00:00,240:00,00:00,48:00,48:00,192:00,00:00,00:00,00:00,00:00,08:00,40:00,48:00,00:00,192:00,192:00,00:00,00:00,00:00,01-Nov-2025,30-Nov-2025
233775000000676022,233775000000676022,30.00,0.00,6.00,6.00,24.00,0.00,0.00,0.00,0.00,1.00,5.00,6.00,0.00,24.00,24.00,00:00,240:00,00:00,48:00,48:00,192:00,00:00,00:00,00:00,00:00,08:00,40:00,48:00,00:00,192:00,192:00,00:00,00:00,00:00,01-Nov-2025,30-Nov-2025
233775000000680001,233775000000680001,30.00,0.00,6.00,6.00,24.00,0.00,0.00,0.00,0.00,1.00,5.00,6.00,0.00,24.00,24.00,00:00,240:00,00:00,48:00,48:00,192:00,00:00,00:00,00:00,00:00,08:00,40:00,48:00,00:00,192:00,192:00,00:00,00:00,00:00,01-Nov-2025,30-Nov-2025
233775000000690102,233775000000690102,30.00,0.00,6.00,6.00,24.00,0.00,0.00,0.00,0.00,1.00,5.00,6.00,0.00,24.00,24.00,00:00,240:00,00:00,48:00,48:00,192:00,00:00,00:00,00:00,00:00,08:00,40:00,48:00,00:00,192:00,192:00,00:00,00:00,00:00,01-Nov-2025,30-Nov-2025
233775000000957099,233775000000957099,30.00,22.88,7.12,30.00,24.00,22.88,0.00,22.88,1.12,1.00,5.00,7.12,0.00,0.00,0.00,343:56,240:00,183:00,57:00,240:00,192:00,183:00,00:00,183:00,09:00,08:00,40:00,57:00,00:00,00:00,00:00,160:56,00:00,00:00,01-Nov-2025,30-Nov-2025
233775000001076057,233775000001076057,30.00,24.00,6.00,30.00,24.00,24.00,0.00,24.00,0.00,1.00,5.00,6.00,0.00,0.00,0.00,248:23,240:00,192:00,48:00,240:00,192:00,192:00,00:00,192:00,00:00,08:00,40:00,48:00,00:00,00:00,00:00,56:23,00:00,00:00,01-Nov-2025,30-Nov-2025
233775000001189005,233775000001189005,30.00,0.00,6.00,6.00,24.00,0.00,0.00,0.00,0.00,1.00,5.00,6.00,0.00,24.00,24.00,00:00,240:00,00:00,48:00,48:00,192:00,00:00,00:00,00:00,00:00,08:00,40:00,48:00,00:00,192:00,192:00,00:00,00:00,00:00,01-Nov-2025,30-Nov-2025
233775000001863021,233775000001863021,30.00,0.00,6.00,6.00,24.00,0.00,0.00,0.00,0.00,1.00,5.00,6.00,0.00,24.00,24.00,00:00,240:00,00:00,48:00,48:00,192:00,00:00,00:00,00:00,00:00,08:00,40:00,48:00,00:00,192:00,192:00,00:00,00:00,00:00,01-Nov-2025,30-Nov-2025
233775000000676022,233775000000676022,6.00,0.00,0.00,0.00,6.00,0.00,0.00,0.00,0.00,0.00,0.00,0.00,0.00,6.00,6.00,00:00,48:00,00:00,00:00,00:00,48:00,00:00,00:00,00:00,00:00,00:00,00:00,00:00,00:00,48:00,48:00,00:00,00:00,00:00,01-Dec-2025,06-Dec-2025
233775000000999013,233775000000999013,8.00,0.00,1.00,1.00,7.00,0.00,0.00,0.00,0.00,0.00,1.00,1.00,0.00,7.00,7.00,00:00,64:00,00:00,08:00,08:00,56:00,00:00,00:00,00:00,00:00,00:00,08:00,08:00,00:00,56:00,56:00,00:00,00:00,00:00,01-Dec-2025,08-Dec-2025
233775000002036003,233775000002036003,13.00,1.00,1.00,2.00,12.00,1.00,0.00,1.00,0.00,0.00,1.00,1.00,0.00,11.00,11.00,21:46,104:00,08:00,08:00,16:00,96:00,08:00,00:00,08:00,00:00,00:00,08:00,08:00,00:00,88:00,88:00,13:46,00:00,00:00,01-Dec-2025,13-Dec-2025
233775000002041044,233775000002041044,13.00,0.00,1.00,1.00,12.00,0.00,0.00,0.00,0.00,0.00,1.00,1.00,0.00,12.00,12.00,00:00,104:00,00:00,08:00,08:00,96:00,00:00,00:00,00:00,00:00,00:00,08:00,08:00,00:00,96:00,96:00,00:00,00:00,00:00,01-Dec-2025,13-Dec-2025
233775000002042047,233775000002042047,13.00,4.50,1.00,5.50,12.00,4.50,0.00,4.50,0.00,0.00,1.00,1.00,0.00,7.50,7.50,41:50,104:00,36:04,08:00,44:04,96:00,36:04,00:00,36:04,00:00,00:00,08:00,08:00,00:00,59:56,59:56,05:46,00:00,00:00,01-Dec-2025,13-Dec-2025
233775000002055044,233775000002055044,13.00,0.00,1.00,1.00,12.00,0.00,0.00,0.00,0.00,0.00,1.00,1.00,0.00,12.00,12.00,00:00,104:00,00:00,08:00,08:00,96:00,00:00,00:00,00:00,00:00,00:00,08:00,08:00,00:00,96:00,96:00,00:00,00:00,00:00,01-Dec-2025,13-Dec-2025
233775000002042113,233775000002042113,7.00,2.00,1.00,3.00,6.00,2.00,0.00,2.00,0.00,0.00,1.00,1.00,0.00,4.00,4.00,22:04,56:00,16:00,08:00,24:00,48:00,16:00,00:00,16:00,00:00,00:00,08:00,08:00,00:00,32:00,32:00,06:04,00:00,00:00,01-Dec-2025,14-Dec-2025
233775000002055011,233775000002055011,7.00,4.75,1.25,6.00,6.00,4.75,0.00,4.75,0.25,0.00,1.00,1.25,0.00,1.00,1.00,44:22,56:00,38:00,10:00,48:00,48:00,38:00,00:00,38:00,02:00,00:00,08:00,10:00,00:00,08:00,08:00,06:22,00:00,00:00,01-Dec-2025,14-Dec-2025
233775000002042179,233775000002042179,10.00,8.00,1.00,9.00,9.00,8.00,0.00,8.00,0.00,0.00,1.00,1.00,0.00,1.00,1.00,78:21,80:00,64:00,08:00,72:00,72:00,64:00,00:00,64:00,00:00,00:00,08:00,08:00,00:00,08:00,08:00,14:21,00:00,00:00,01-Dec-2025,17-Dec-2025
233775000001628011,233775000001628011,17.00,13.50,3.50,17.00,15.00,13.50,0.00,13.50,1.50,0.00,2.00,3.50,0.00,0.00,0.00,132:55,136:00,108:00,28:00,136:00,120:00,108:00,00:00,108:00,12:00,00:00,16:00,28:00,00:00,00:00,00:00,24:55,00:00,00:00,01-Dec-2025,17-Dec-2025
233775000000331001,233775000000331001,22.00,17.50,4.50,22.00,19.00,17.50,0.00,17.50,1.50,0.00,3.00,4.50,0.00,0.00,0.00,173:38,176:00,140:00,36:00,176:00,152:00,140:00,00:00,140:00,12:00,00:00,24:00,36:00,00:00,00:00,00:00,33:38,00:00,00:00,01-Dec-2025,22-Dec-2025
233775000002287073,233775000002287073,24.00,0.00,3.00,3.00,21.00,0.00,0.00,0.00,0.00,0.00,3.00,3.00,0.00,21.00,21.00,00:00,192:00,00:00,24:00,24:00,168:00,00:00,00:00,00:00,00:00,00:00,24:00,24:00,00:00,168:00,168:00,00:00,00:00,00:00,01-Dec-2025,24-Dec-2025
233775000002031059,233775000002031059,28.00,0.00,5.00,5.00,23.00,0.00,0.00,0.00,0.00,1.00,4.00,5.00,0.00,23.00,23.00,00:00,224:00,00:00,40:00,40:00,184:00,00:00,00:00,00:00,00:00,08:00,32:00,40:00,00:00,184:00,184:00,00:00,00:00,00:00,01-Dec-2025,28-Dec-2025
233775000002276160,233775000002276160,6.00,0.00,2.00,2.00,4.00,0.00,0.00,0.00,0.00,1.00,1.00,2.00,0.00,4.00,4.00,00:56,48:00,00:56,16:00,16:56,32:00,00:56,00:00,00:56,00:00,08:00,08:00,16:00,00:00,31:04,31:04,00:00,00:00,00:00,01-Dec-2025,29-Dec-2025
233775000000327011,233775000000327011,30.00,25.00,5.00,30.00,25.00,25.00,0.00,25.00,0.00,1.00,4.00,5.00,0.00,0.00,0.00,248:24,240:00,200:00,40:00,240:00,200:00,200:00,00:00,200:00,00:00,08:00,32:00,40:00,00:00,00:00,00:00,48:24,00:00,00:00,01-Dec-2025,30-Dec-2025
233775000000330001,233775000000330001,30.00,23.00,5.00,28.00,25.00,23.00,0.00,23.00,0.00,1.00,4.00,5.00,0.00,2.00,2.00,243:09,240:00,184:00,40:00,224:00,200:00,184:00,00:00,184:00,00:00,08:00,32:00,40:00,00:00,16:00,16:00,59:09,00:00,00:00,01-Dec-2025,30-Dec-2025
233775000000339001,233775000000339001,30.00,24.00,5.00,29.00,25.00,24.00,0.00,24.00,0.00,1.00,4.00,5.00,0.00,1.00,1.00,249:27,240:00,192:00,40:00,232:00,200:00,192:00,00:00,192:00,00:00,08:00,32:00,40:00,00:00,08:00,08:00,57:27,00:00,00:00,01-Dec-2025,30-Dec-2025
233775000000354003,233775000000354003,30.00,21.00,5.00,26.00,25.00,21.00,0.00,21.00,0.00,1.00,4.00,5.00,0.00,4.00,4.00,351:52,240:00,168:00,40:00,208:00,200:00,168:00,00:00,168:00,00:00,08:00,32:00,40:00,00:00,32:00,32:00,183:52,00:00,00:00,01-Dec-2025,30-Dec-2025
233775000000416011,233775000000416011,30.00,0.00,5.00,5.00,25.00,0.00,0.00,0.00,0.00,1.00,4.00,5.00,0.00,25.00,25.00,00:00,240:00,00:00,40:00,40:00,200:00,00:00,00:00,00:00,00:00,08:00,32:00,40:00,00:00,200:00,200:00,00:00,00:00,00:00,01-Dec-2025,30-Dec-2025
233775000000678001,233775000000678001,30.00,0.00,5.00,5.00,25.00,0.00,0.00,0.00,0.00,1.00,4.00,5.00,0.00,25.00,25.00,00:00,240:00,00:00,40:00,40:00,200:00,00:00,00:00,00:00,00:00,08:00,32:00,40:00,00:00,200:00,200:00,00:00,00:00,00:00,01-Dec-2025,30-Dec-2025
233775000000681043,233775000000681043,30.00,12.50,5.00,17.50,25.00,12.50,0.00,12.50,0.00,1.00,4.00,5.00,0.00,12.50,12.50,120:48,240:00,111:06,40:00,151:06,200:00,111:06,00:00,111:06,00:00,08:00,32:00,40:00,00:00,88:54,88:54,09:42,00:00,00:00,01-Dec-2025,30-Dec-2025
233775000000706179,233775000000706179,30.00,22.50,5.00,27.50,25.00,22.50,0.00,22.50,0.00,1.00,4.00,5.00,0.00,2.50,2.50,272:20,240:00,183:36,40:00,223:36,200:00,183:36,00:00,183:36,00:00,08:00,32:00,40:00,00:00,16:24,16:24,88:44,00:00,00:00,01-Dec-2025,30-Dec-2025
233775000000999034,233775000000999034,30.00,16.50,5.00,21.50,25.00,16.50,0.00,16.50,0.00,1.00,4.00,5.00,0.00,8.50,8.50,228:06,240:00,151:46,40:00,191:46,200:00,151:46,00:00,151:46,00:00,08:00,32:00,40:00,00:00,48:14,48:14,76:20,00:00,00:00,01-Dec-2025,30-Dec-2025
233775000001104011,233775000001104011,30.00,3.00,5.50,8.50,25.00,3.00,0.00,3.00,0.50,1.00,4.00,5.50,5.00,16.50,21.50,43:16,240:00,24:00,44:00,68:00,200:00,24:00,00:00,24:00,04:00,08:00,32:00,44:00,40:00,132:00,172:00,19:16,00:00,00:00,01-Dec-2025,30-Dec-2025
233775000001398075,233775000001398075,30.00,20.50,8.00,28.50,25.00,20.50,0.00,20.50,3.00,1.00,4.00,8.00,0.00,1.50,1.50,215:47,240:00,166:56,64:00,230:56,200:00,166:56,00:00,166:56,24:00,08:00,32:00,64:00,00:00,09:04,09:04,48:51,00:00,00:00,01-Dec-2025,30-Dec-2025
233775000002033037,233775000002033037,30.00,6.50,6.00,12.50,25.00,6.50,0.00,6.50,1.00,1.00,4.00,6.00,0.00,17.50,17.50,75:30,240:00,55:10,48:00,103:10,200:00,55:10,00:00,55:10,08:00,08:00,32:00,48:00,00:00,136:50,136:50,20:20,00:00,00:00,01-Dec-2025,30-Dec-2025
233775000002034303,233775000002034303,30.00,7.50,7.00,14.50,25.00,7.50,0.00,7.50,2.00,1.00,4.00,7.00,0.00,15.50,15.50,93:06,240:00,74:56,56:00,130:56,200:00,74:56,00:00,74:56,16:00,08:00,32:00,56:00,00:00,109:04,109:04,18:10,00:00,00:00,01-Dec-2025,30-Dec-2025
233775000002041077,233775000002041077,23.00,19.00,4.00,23.00,19.00,19.00,0.00,19.00,0.00,1.00,3.00,4.00,0.00,0.00,0.00,181:09,184:00,152:00,32:00,184:00,152:00,152:00,00:00,152:00,00:00,08:00,24:00,32:00,00:00,00:00,00:00,29:09,00:00,00:00,01-Dec-2025,30-Dec-2025
233775000002033410,233775000002033410,30.00,7.00,7.00,14.00,25.00,7.00,0.00,7.00,2.00,1.00,4.00,7.00,0.00,16.00,16.00,96:47,240:00,78:03,56:00,134:03,200:00,78:03,00:00,78:03,16:00,08:00,32:00,56:00,00:00,105:57,105:57,18:44,00:00,00:00,01-Dec-2025,30-Dec-2025
233775000002097009,233775000002097009,30.00,9.00,5.00,14.00,25.00,9.00,0.00,9.00,0.00,1.00,4.00,5.00,0.00,16.00,16.00,78:56,240:00,72:00,40:00,112:00,200:00,72:00,00:00,72:00,00:00,08:00,32:00,40:00,00:00,128:00,128:00,06:56,00:00,00:00,01-Dec-2025,30-Dec-2025
233775000002282212,233775000002282212,30.00,0.00,5.00,5.00,25.00,0.00,0.00,0.00,0.00,1.00,4.00,5.00,0.00,25.00,25.00,00:00,240:00,00:00,40:00,40:00,200:00,00:00,00:00,00:00,00:00,08:00,32:00,40:00,00:00,200:00,200:00,00:00,00:00,00:00,01-Dec-2025,30-Dec-2025
233775000002302077,233775000002302077,7.00,4.00,2.00,6.00,5.00,4.00,0.00,4.00,0.00,1.00,1.00,2.00,0.00,1.00,1.00,52:38,56:00,32:49,16:00,48:49,40:00,32:49,00:00,32:49,00:00,08:00,08:00,16:00,00:00,07:11,07:11,19:49,00:00,00:00,01-Dec-2025,30-Dec-2025
233775000002319021,233775000002319021,4.00,3.00,1.00,4.00,3.00,3.00,0.00,3.00,0.00,0.00,1.00,1.00,0.00,0.00,0.00,27:43,32:00,24:00,08:00,32:00,24:00,24:00,00:00,24:00,00:00,00:00,08:00,08:00,00:00,00:00,00:00,03:43,00:00,00:00,01-Dec-2025,30-Dec-2025
233775000002322040,233775000002322040,4.00,3.00,1.00,4.00,3.00,3.00,0.00,3.00,0.00,0.00,1.00,1.00,0.00,0.00,0.00,27:55,32:00,24:00,08:00,32:00,24:00,24:00,00:00,24:00,00:00,00:00,08:00,08:00,00:00,00:00,00:00,03:55,00:00,00:00,01-Dec-2025,30-Dec-2025
233775000002324034,233775000002324034,4.00,3.00,1.00,4.00,3.00,3.00,0.00,3.00,0.00,0.00,1.00,1.00,0.00,0.00,0.00,27:35,32:00,24:00,08:00,32:00,24:00,24:00,00:00,24:00,00:00,00:00,08:00,08:00,00:00,00:00,00:00,03:35,00:00,00:00,01-Dec-2025,30-Dec-2025
233775000002325067,233775000002325067,4.00,1.50,1.00,2.50,3.00,1.50,0.00,1.50,0.00,0.00,1.00,1.00,0.00,1.50,1.50,16:54,32:00,15:28,08:00,23:28,24:00,15:28,00:00,15:28,00:00,00:00,08:00,08:00,00:00,08:32,08:32,01:26,00:00,00:00,01-Dec-2025,30-Dec-2025
233775000002279067,233775000002279067,6.00,3.00,2.00,5.00,4.00,3.00,0.00,3.00,0.00,1.00,1.00,2.00,0.00,1.00,1.00,29:36,48:00,24:00,16:00,40:00,32:00,24:00,00:00,24:00,00:00,08:00,08:00,16:00,00:00,08:00,08:00,05:36,00:00,00:00,01-Dec-2025,29-Dec-2025
233775000000327045,233775000000327045,30.00,25.00,5.00,30.00,25.00,25.00,0.00,25.00,0.00,1.00,4.00,5.00,0.00,0.00,0.00,250:05,240:00,200:00,40:00,240:00,200:00,200:00,00:00,200:00,00:00,08:00,32:00,40:00,00:00,00:00,00:00,50:05,00:00,00:00,01-Dec-2025,30-Dec-2025
233775000000330014,233775000000330014,30.00,22.00,8.00,30.00,25.00,22.00,0.00,22.00,3.00,1.00,4.00,8.00,0.00,0.00,0.00,206:39,240:00,176:00,64:00,240:00,200:00,176:00,00:00,176:00,24:00,08:00,32:00,64:00,00:00,00:00,00:00,30:39,00:00,00:00,01-Dec-2025,30-Dec-2025
233775000000340001,233775000000340001,30.00,21.00,6.00,27.00,24.00,21.00,0.00,21.00,0.00,2.00,4.00,6.00,0.00,3.00,3.00,242:26,240:00,168:00,48:00,216:00,192:00,168:00,00:00,168:00,00:00,16:00,32:00,48:00,00:00,24:00,24:00,74:26,00:00,00:00,01-Dec-2025,30-Dec-2025
233775000000364001,233775000000364001,30.00,24.00,5.00,29.00,25.00,24.00,0.00,24.00,0.00,1.00,4.00,5.00,1.00,0.00,1.00,227:51,240:00,192:00,40:00,232:00,200:00,192:00,00:00,192:00,00:00,08:00,32:00,40:00,08:00,00:00,08:00,35:51,00:00,00:00,01-Dec-2025,30-Dec-2025
233775000000441035,233775000000441035,30.00,23.50,5.50,29.00,25.00,23.50,0.00,23.50,0.50,1.00,4.00,5.50,1.00,0.00,1.00,234:01,240:00,188:00,44:00,232:00,200:00,188:00,00:00,188:00,04:00,08:00,32:00,44:00,08:00,00:00,08:00,46:01,00:00,00:00,01-Dec-2025,30-Dec-2025
233775000000678022,233775000000678022,30.00,22.00,5.50,27.50,25.00,22.00,0.00,22.00,0.50,1.00,4.00,5.50,0.00,2.50,2.50,204:09,240:00,178:18,44:00,222:18,200:00,178:18,00:00,178:18,04:00,08:00,32:00,44:00,00:00,17:42,17:42,25:51,00:00,00:00,01-Dec-2025,30-Dec-2025
233775000000682001,233775000000682001,30.00,23.00,7.00,30.00,25.00,23.00,0.00,23.00,2.00,1.00,4.00,7.00,0.00,0.00,0.00,233:39,240:00,184:00,56:00,240:00,200:00,184:00,00:00,184:00,16:00,08:00,32:00,56:00,00:00,00:00,00:00,49:39,00:00,00:00,01-Dec-2025,30-Dec-2025
233775000000859057,233775000000859057,30.00,14.00,9.50,23.50,25.00,14.00,0.00,14.00,4.50,1.00,4.00,9.50,1.00,5.50,6.50,232:20,240:00,112:00,76:00,188:00,200:00,112:00,00:00,112:00,36:00,08:00,32:00,76:00,08:00,44:00,52:00,120:20,00:00,00:00,01-Dec-2025,30-Dec-2025
233775000001014075,233775000001014075,30.00,10.00,6.00,16.00,25.00,10.00,0.00,10.00,1.00,1.00,4.00,6.00,0.00,14.00,14.00,165:08,240:00,80:00,48:00,128:00,200:00,80:00,00:00,80:00,08:00,08:00,32:00,48:00,00:00,112:00,112:00,85:08,00:00,00:00,01-Dec-2025,30-Dec-2025
233775000001114041,233775000001114041,30.00,17.00,6.00,23.00,25.00,17.00,0.00,17.00,1.00,1.00,4.00,6.00,3.00,4.00,7.00,176:28,240:00,136:00,48:00,184:00,200:00,136:00,00:00,136:00,08:00,08:00,32:00,48:00,24:00,32:00,56:00,40:28,00:00,00:00,01-Dec-2025,30-Dec-2025
233775000001858121,233775000001858121,30.00,24.50,5.50,30.00,25.00,24.50,0.00,24.50,0.50,1.00,4.00,5.50,0.00,0.00,0.00,271:10,240:00,196:00,44:00,240:00,200:00,196:00,00:00,196:00,04:00,08:00,32:00,44:00,00:00,00:00,00:00,75:10,00:00,00:00,01-Dec-2025,30-Dec-2025
233775000002033070,233775000002033070,23.00,19.00,4.00,23.00,19.00,19.00,0.00,19.00,0.00,1.00,3.00,4.00,0.00,0.00,0.00,183:17,184:00,152:00,32:00,184:00,152:00,152:00,00:00,152:00,00:00,08:00,24:00,32:00,00:00,00:00,00:00,31:17,00:00,00:00,01-Dec-2025,30-Dec-2025
233775000002036036,233775000002036036,23.00,17.50,4.50,22.00,19.00,17.50,0.00,17.50,0.50,1.00,3.00,4.50,0.00,1.00,1.00,178:41,184:00,140:00,36:00,176:00,152:00,140:00,00:00,140:00,04:00,08:00,24:00,36:00,00:00,08:00,08:00,38:41,00:00,00:00,01-Dec-2025,30-Dec-2025
233775000002042080,233775000002042080,23.00,18.00,4.00,22.00,19.00,18.00,0.00,18.00,0.00,1.00,3.00,4.00,0.00,1.00,1.00,173:00,184:00,144:00,32:00,176:00,152:00,144:00,00:00,144:00,00:00,08:00,24:00,32:00,00:00,08:00,08:00,29:00,00:00,00:00,01-Dec-2025,30-Dec-2025
233775000002073065,233775000002073065,30.00,11.00,5.00,16.00,25.00,11.00,0.00,11.00,0.00,1.00,4.00,5.00,0.00,14.00,14.00,139:17,240:00,88:07,40:00,128:07,200:00,88:07,00:00,88:07,00:00,08:00,32:00,40:00,00:00,111:53,111:53,51:10,00:00,00:00,01-Dec-2025,30-Dec-2025
233775000002219001,233775000002219001,30.00,2.00,5.00,7.00,25.00,2.00,0.00,2.00,0.00,1.00,4.00,5.00,0.00,23.00,23.00,36:36,240:00,20:34,40:00,60:34,200:00,20:34,00:00,20:34,00:00,08:00,32:00,40:00,00:00,179:26,179:26,16:02,00:00,00:00,01-Dec-2025,30-Dec-2025
233775000002286229,233775000002286229,7.00,0.00,2.00,2.00,5.00,0.00,0.00,0.00,0.00,1.00,1.00,2.00,0.00,5.00,5.00,00:00,56:00,00:00,16:00,16:00,40:00,00:00,00:00,00:00,00:00,08:00,08:00,16:00,00:00,40:00,40:00,00:00,00:00,00:00,01-Dec-2025,30-Dec-2025
233775000002303111,233775000002303111,30.00,0.00,5.00,5.00,25.00,0.00,0.00,0.00,0.00,1.00,4.00,5.00,0.00,25.00,25.00,00:00,240:00,00:00,40:00,40:00,200:00,00:00,00:00,00:00,00:00,08:00,32:00,40:00,00:00,200:00,200:00,00:00,00:00,00:00,01-Dec-2025,30-Dec-2025
233775000002319054,233775000002319054,4.00,3.00,1.00,4.00,3.00,3.00,0.00,3.00,0.00,0.00,1.00,1.00,0.00,0.00,0.00,27:43,32:00,24:00,08:00,32:00,24:00,24:00,00:00,24:00,00:00,00:00,08:00,08:00,00:00,00:00,00:00,03:43,00:00,00:00,01-Dec-2025,30-Dec-2025
233775000002322073,233775000002322073,4.00,3.00,1.00,4.00,3.00,3.00,0.00,3.00,0.00,0.00,1.00,1.00,0.00,0.00,0.00,28:11,32:00,24:00,08:00,32:00,24:00,24:00,00:00,24:00,00:00,00:00,08:00,08:00,00:00,00:00,00:00,04:11,00:00,00:00,01-Dec-2025,30-Dec-2025
233775000002324067,233775000002324067,4.00,3.00,1.00,4.00,3.00,3.00,0.00,3.00,0.00,0.00,1.00,1.00,0.00,0.00,0.00,27:56,32:00,24:00,08:00,32:00,24:00,24:00,00:00,24:00,00:00,00:00,08:00,08:00,00:00,00:00,00:00,03:56,00:00,00:00,01-Dec-2025,30-Dec-2025
233775000002326001,233775000002326001,4.00,3.00,1.00,4.00,3.00,3.00,0.00,3.00,0.00,0.00,1.00,1.00,0.00,0.00,0.00,26:23,32:00,24:00,08:00,32:00,24:00,24:00,00:00,24:00,00:00,00:00,08:00,08:00,00:00,00:00,00:00,02:23,00:00,00:00,01-Dec-2025,30-Dec-2025
233775000000280005,233775000000280005,30.00,0.00,5.00,5.00,25.00,0.00,0.00,0.00,0.00,1.00,4.00,5.00,0.00,25.00,25.00,00:00,240:00,00:00,40:00,40:00,200:00,00:00,00:00,00:00,00:00,08:00,32:00,40:00,00:00,200:00,200:00,00:00,00:00,00:00,01-Dec-2025,30-Dec-2025
233775000000327054,233775000000327054,30.00,25.00,5.00,30.00,25.00,25.00,0.00,25.00,0.00,1.00,4.00,5.00,0.00,0.00,0.00,278:47,240:00,200:00,40:00,240:00,200:00,200:00,00:00,200:00,00:00,08:00,32:00,40:00,00:00,00:00,00:00,78:47,00:00,00:00,01-Dec-2025,30-Dec-2025
233775000000332001,233775000000332001,30.00,22.00,7.00,29.00,25.00,22.00,0.00,22.00,2.00,1.00,4.00,7.00,0.00,1.00,1.00,212:22,240:00,176:00,56:00,232:00,200:00,176:00,00:00,176:00,16:00,08:00,32:00,56:00,00:00,08:00,08:00,36:22,00:00,00:00,01-Dec-2025,30-Dec-2025
233775000000341001,233775000000341001,30.00,17.50,8.50,26.00,25.00,17.50,0.00,17.50,3.50,1.00,4.00,8.50,0.00,4.00,4.00,292:09,240:00,140:00,68:00,208:00,200:00,140:00,00:00,140:00,28:00,08:00,32:00,68:00,00:00,32:00,32:00,152:09,00:00,00:00,01-Dec-2025,30-Dec-2025
233775000000365043,233775000000365043,30.00,18.50,6.50,25.00,25.00,18.50,0.00,18.50,1.50,1.00,4.00,6.50,2.00,3.00,5.00,255:42,240:00,148:00,52:00,200:00,200:00,148:00,00:00,148:00,12:00,08:00,32:00,52:00,16:00,24:00,40:00,107:42,00:00,00:00,01-Dec-2025,30-Dec-2025
233775000000501033,233775000000501033,30.00,0.00,5.00,5.00,25.00,0.00,0.00,0.00,0.00,1.00,4.00,5.00,0.00,25.00,25.00,00:00,240:00,00:00,40:00,40:00,200:00,00:00,00:00,00:00,00:00,08:00,32:00,40:00,00:00,200:00,200:00,00:00,00:00,00:00,01-Dec-2025,30-Dec-2025
233775000000679001,233775000000679001,30.00,0.00,5.00,5.00,25.00,0.00,0.00,0.00,0.00,1.00,4.00,5.00,0.00,25.00,25.00,00:00,240:00,00:00,40:00,40:00,200:00,00:00,00:00,00:00,00:00,08:00,32:00,40:00,00:00,200:00,200:00,00:00,00:00,00:00,01-Dec-2025,30-Dec-2025
233775000000682022,233775000000682022,30.00,23.00,6.00,29.00,25.00,23.00,0.00,23.00,1.00,1.00,4.00,6.00,0.00,1.00,1.00,223:56,240:00,184:00,48:00,232:00,200:00,184:00,00:00,184:00,08:00,08:00,32:00,48:00,00:00,08:00,08:00,39:56,00:00,00:00,01-Dec-2025,30-Dec-2025
233775000000882077,233775000000882077,30.00,0.00,5.00,5.00,25.00,0.00,0.00,0.00,0.00,1.00,4.00,5.00,0.00,25.00,25.00,00:00,240:00,00:00,40:00,40:00,200:00,00:00,00:00,00:00,00:00,08:00,32:00,40:00,00:00,200:00,200:00,00:00,00:00,00:00,01-Dec-2025,30-Dec-2025
233775000001076057,233775000001076057,30.00,22.00,7.00,29.00,25.00,22.00,0.00,22.00,2.00,1.00,4.00,7.00,0.00,1.00,1.00,234:17,240:00,176:00,56:00,232:00,200:00,176:00,00:00,176:00,16:00,08:00,32:00,56:00,00:00,08:00,08:00,58:17,00:00,00:00,01-Dec-2025,30-Dec-2025
233775000001189005,233775000001189005,30.00,10.00,5.00,15.00,25.00,10.00,0.00,10.00,0.00,1.00,4.00,5.00,0.00,15.00,15.00,106:11,240:00,80:00,40:00,120:00,200:00,80:00,00:00,80:00,00:00,08:00,32:00,40:00,00:00,120:00,120:00,26:11,00:00,00:00,01-Dec-2025,30-Dec-2025
233775000001863021,233775000001863021,30.00,0.00,5.00,5.00,25.00,0.00,0.00,0.00,0.00,1.00,4.00,5.00,0.00,25.00,25.00,00:00,240:00,00:00,40:00,40:00,200:00,00:00,00:00,00:00,00:00,08:00,32:00,40:00,00:00,200:00,200:00,00:00,00:00,00:00,01-Dec-2025,30-Dec-2025
233775000002033103,233775000002033103,23.00,16.00,5.00,21.00,19.00,16.00,0.00,16.00,1.00,1.00,3.00,5.00,0.00,2.00,2.00,174:11,184:00,128:00,40:00,168:00,152:00,128:00,00:00,128:00,08:00,08:00,24:00,40:00,00:00,16:00,16:00,46:11,00:00,00:00,01-Dec-2025,30-Dec-2025
233775000002036069,233775000002036069,30.00,0.00,5.00,5.00,25.00,0.00,0.00,0.00,0.00,1.00,4.00,5.00,0.00,25.00,25.00,00:00,240:00,00:00,40:00,40:00,200:00,00:00,00:00,00:00,00:00,08:00,32:00,40:00,00:00,200:00,200:00,00:00,00:00,00:00,01-Dec-2025,30-Dec-2025
233775000002042146,233775000002042146,23.00,19.00,4.00,23.00,19.00,19.00,0.00,19.00,0.00,1.00,3.00,4.00,0.00,0.00,0.00,175:20,184:00,152:00,32:00,184:00,152:00,152:00,00:00,152:00,00:00,08:00,24:00,32:00,00:00,00:00,00:00,23:20,00:00,00:00,01-Dec-2025,30-Dec-2025
233775000002088025,233775000002088025,30.00,8.00,5.00,13.00,25.00,8.00,0.00,8.00,0.00,1.00,4.00,5.00,0.00,17.00,17.00,85:48,240:00,64:00,40:00,104:00,200:00,64:00,00:00,64:00,00:00,08:00,32:00,40:00,00:00,136:00,136:00,21:48,00:00,00:00,01-Dec-2025,30-Dec-2025
233775000002221151,233775000002221151,30.00,0.00,5.00,5.00,25.00,0.00,0.00,0.00,0.00,1.00,4.00,5.00,0.00,25.00,25.00,00:00,240:00,00:00,40:00,40:00,200:00,00:00,00:00,00:00,00:00,08:00,32:00,40:00,00:00,200:00,200:00,00:00,00:00,00:00,01-Dec-2025,30-Dec-2025
233775000002287106,233775000002287106,7.00,4.00,2.00,6.00,5.00,4.00,0.00,4.00,0.00,1.00,1.00,2.00,0.00,1.00,1.00,37:56,56:00,32:00,16:00,48:00,40:00,32:00,00:00,32:00,00:00,08:00,08:00,16:00,00:00,08:00,08:00,05:56,00:00,00:00,01-Dec-2025,30-Dec-2025
233775000002303144,233775000002303144,4.00,1.00,1.00,2.00,3.00,1.00,0.00,1.00,0.00,0.00,1.00,1.00,0.00,2.00,2.00,09:15,32:00,08:01,08:00,16:01,24:00,08:01,00:00,08:01,00:00,00:00,08:00,08:00,00:00,15:59,15:59,01:14,00:00,00:00,01-Dec-2025,30-Dec-2025
233775000002321003,233775000002321003,4.00,3.00,1.00,4.00,3.00,3.00,0.00,3.00,0.00,0.00,1.00,1.00,0.00,0.00,0.00,27:47,32:00,24:01,08:00,32:01,24:00,24:01,00:00,24:01,00:00,00:00,08:00,08:00,00:00,00:00,00:00,03:46,00:00,00:00,01-Dec-2025,30-Dec-2025
233775000002322106,233775000002322106,4.00,3.00,1.00,4.00,3.00,3.00,0.00,3.00,0.00,0.00,1.00,1.00,0.00,0.00,0.00,28:11,32:00,24:00,08:00,32:00,24:00,24:00,00:00,24:00,00:00,00:00,08:00,08:00,00:00,00:00,00:00,04:11,00:00,00:00,01-Dec-2025,30-Dec-2025
233775000002325001,233775000002325001,30.00,0.00,5.00,5.00,25.00,0.00,0.00,0.00,0.00,1.00,4.00,5.00,0.00,25.00,25.00,00:00,240:00,00:00,40:00,40:00,200:00,00:00,00:00,00:00,00:00,08:00,32:00,40:00,00:00,200:00,200:00,00:00,00:00,00:00,01-Dec-2025,30-Dec-2025
233775000002326034,233775000002326034,4.00,3.00,1.00,4.00,3.00,3.00,0.00,3.00,0.00,0.00,1.00,1.00,0.00,0.00,0.00,28:06,32:00,24:00,08:00,32:00,24:00,24:00,00:00,24:00,00:00,00:00,08:00,08:00,00:00,00:00,00:00,04:06,00:00,00:00,01-Dec-2025,30-Dec-2025
233775000000317001,233775000000317001,30.00,0.00,5.00,5.00,25.00,0.00,0.00,0.00,0.00,1.00,4.00,5.00,0.00,25.00,25.00,00:00,240:00,00:00,40:00,40:00,200:00,00:00,00:00,00:00,00:00,08:00,32:00,40:00,00:00,200:00,200:00,00:00,00:00,00:00,01-Dec-2025,30-Dec-2025
233775000000328001,233775000000328001,30.00,23.50,5.50,29.00,25.00,23.50,0.00,23.50,0.50,1.00,4.00,5.50,0.00,1.00,1.00,242:08,240:00,188:00,44:00,232:00,200:00,188:00,00:00,188:00,04:00,08:00,32:00,44:00,00:00,08:00,08:00,54:08,00:00,00:00,01-Dec-2025,30-Dec-2025
233775000000337001,233775000000337001,30.00,24.00,6.00,30.00,25.00,24.00,0.00,24.00,1.00,1.00,4.00,6.00,0.00,0.00,0.00,284:03,240:00,192:00,48:00,240:00,200:00,192:00,00:00,192:00,08:00,08:00,32:00,48:00,00:00,00:00,00:00,92:03,00:00,00:00,01-Dec-2025,30-Dec-2025
233775000000345235,233775000000345235,30.00,23.00,5.00,28.00,25.00,23.00,0.00,23.00,0.00,1.00,4.00,5.00,0.00,2.00,2.00,303:10,240:00,184:00,40:00,224:00,200:00,184:00,00:00,184:00,00:00,08:00,32:00,40:00,00:00,16:00,16:00,119:10,00:00,00:00,01-Dec-2025,30-Dec-2025
233775000000374022,233775000000374022,30.00,24.00,5.00,29.00,25.00,24.00,0.00,24.00,0.00,1.00,4.00,5.00,0.00,1.00,1.00,362:17,240:00,192:00,40:00,232:00,200:00,192:00,00:00,192:00,00:00,08:00,32:00,40:00,00:00,08:00,08:00,170:17,00:00,00:00,01-Dec-2025,30-Dec-2025
233775000000676001,233775000000676001,30.00,0.00,5.00,5.00,25.00,0.00,0.00,0.00,0.00,1.00,4.00,5.00,0.00,25.00,25.00,00:00,240:00,00:00,40:00,40:00,200:00,00:00,00:00,00:00,00:00,08:00,32:00,40:00,00:00,200:00,200:00,00:00,00:00,00:00,01-Dec-2025,30-Dec-2025
233775000000680001,233775000000680001,30.00,0.00,5.00,5.00,25.00,0.00,0.00,0.00,0.00,1.00,4.00,5.00,0.00,25.00,25.00,00:00,240:00,00:00,40:00,40:00,200:00,00:00,00:00,00:00,00:00,08:00,32:00,40:00,00:00,200:00,200:00,00:00,00:00,00:00,01-Dec-2025,30-Dec-2025
233775000000690102,233775000000690102,30.00,0.00,5.00,5.00,25.00,0.00,0.00,0.00,0.00,1.00,4.00,5.00,0.00,25.00,25.00,00:00,240:00,00:00,40:00,40:00,200:00,00:00,00:00,00:00,00:00,08:00,32:00,40:00,00:00,200:00,200:00,00:00,00:00,00:00,01-Dec-2025,30-Dec-2025
233775000000957099,233775000000957099,30.00,24.00,6.00,30.00,25.00,24.00,0.00,24.00,1.00,1.00,4.00,6.00,0.00,0.00,0.00,308:42,240:00,192:00,48:00,240:00,200:00,192:00,00:00,192:00,08:00,08:00,32:00,48:00,00:00,00:00,00:00,116:42,00:00,00:00,01-Dec-2025,30-Dec-2025
233775000001084153,233775000001084153,30.00,8.00,5.00,13.00,25.00,8.00,0.00,8.00,0.00,1.00,4.00,5.00,0.00,17.00,17.00,166:05,240:00,64:00,40:00,104:00,200:00,64:00,00:00,64:00,00:00,08:00,32:00,40:00,00:00,136:00,136:00,102:05,00:00,00:00,01-Dec-2025,30-Dec-2025
233775000001225005,233775000001225005,30.00,22.50,7.50,30.00,25.00,22.50,0.00,22.50,2.50,1.00,4.00,7.50,0.00,0.00,0.00,244:42,240:00,180:00,60:00,240:00,200:00,180:00,00:00,180:00,20:00,08:00,32:00,60:00,00:00,00:00,00:00,64:42,00:00,00:00,01-Dec-2025,30-Dec-2025
233775000001993001,233775000001993001,30.00,20.50,5.00,25.50,25.00,20.50,0.00,20.50,0.00,1.00,4.00,5.00,0.00,4.50,4.50,233:47,240:00,165:15,40:00,205:15,200:00,165:15,00:00,165:15,00:00,08:00,32:00,40:00,00:00,34:45,34:45,68:32,00:00,00:00,01-Dec-2025,30-Dec-2025
233775000002033136,233775000002033136,23.00,18.00,4.00,22.00,19.00,18.00,0.00,18.00,0.00,1.00,3.00,4.00,0.00,1.00,1.00,176:34,184:00,144:00,32:00,176:00,152:00,144:00,00:00,144:00,00:00,08:00,24:00,32:00,00:00,08:00,08:00,32:34,00:00,00:00,01-Dec-2025,30-Dec-2025
233775000002041011,233775000002041011,23.00,17.50,5.00,22.50,19.00,17.50,0.00,17.50,1.00,1.00,3.00,5.00,0.00,0.50,0.50,160:59,184:00,140:52,40:00,180:52,152:00,140:52,00:00,140:52,08:00,08:00,24:00,40:00,00:00,03:08,03:08,20:07,00:00,00:00,01-Dec-2025,30-Dec-2025
233775000002031746,233775000002031746,30.00,0.00,5.00,5.00,25.00,0.00,0.00,0.00,0.00,1.00,4.00,5.00,0.00,25.00,25.00,00:00,240:00,00:00,40:00,40:00,200:00,00:00,00:00,00:00,00:00,08:00,32:00,40:00,00:00,200:00,200:00,00:00,00:00,00:00,01-Dec-2025,30-Dec-2025
233775000002096011,233775000002096011,30.00,9.00,5.00,14.00,25.00,9.00,0.00,9.00,0.00,1.00,4.00,5.00,0.00,16.00,16.00,98:01,240:00,72:00,40:00,112:00,200:00,72:00,00:00,72:00,00:00,08:00,32:00,40:00,00:00,128:00,128:00,26:01,00:00,00:00,01-Dec-2025,30-Dec-2025
233775000002276127,233775000002276127,7.00,4.00,2.00,6.00,5.00,4.00,0.00,4.00,0.00,1.00,1.00,2.00,0.00,1.00,1.00,39:49,56:00,32:54,16:00,48:54,40:00,32:54,00:00,32:54,00:00,08:00,08:00,16:00,00:00,07:06,07:06,06:55,00:00,00:00,01-Dec-2025,30-Dec-2025
233775000002290033,233775000002290033,7.00,1.50,2.50,4.00,5.00,1.50,0.00,1.50,0.50,1.00,1.00,2.50,0.00,3.00,3.00,19:31,56:00,12:00,20:00,32:00,40:00,12:00,00:00,12:00,04:00,08:00,08:00,20:00,00:00,24:00,24:00,07:31,00:00,00:00,01-Dec-2025,30-Dec-2025
233775000002306003,233775000002306003,4.00,0.00,1.00,1.00,3.00,0.00,0.00,0.00,0.00,0.00,1.00,1.00,0.00,3.00,3.00,00:00,32:00,00:00,08:00,08:00,24:00,00:00,00:00,00:00,00:00,00:00,08:00,08:00,00:00,24:00,24:00,00:00,00:00,00:00,01-Dec-2025,30-Dec-2025
233775000002322003,233775000002322003,4.00,3.00,1.00,4.00,3.00,3.00,0.00,3.00,0.00,0.00,1.00,1.00,0.00,0.00,0.00,27:44,32:00,24:00,08:00,32:00,24:00,24:00,00:00,24:00,00:00,00:00,08:00,08:00,00:00,00:00,00:00,03:44,00:00,00:00,01-Dec-2025,30-Dec-2025
233775000002324001,233775000002324001,4.00,3.00,1.00,4.00,3.00,3.00,0.00,3.00,0.00,0.00,1.00,1.00,0.00,0.00,0.00,27:37,32:00,24:00,08:00,32:00,24:00,24:00,00:00,24:00,00:00,00:00,08:00,08:00,00:00,00:00,00:00,03:37,00:00,00:00,01-Dec-2025,30-Dec-2025
233775000002325034,233775000002325034,4.00,3.00,1.00,4.00,3.00,3.00,0.00,3.00,0.00,0.00,1.00,1.00,0.00,0.00,0.00,27:29,32:00,24:00,08:00,32:00,24:00,24:00,00:00,24:00,00:00,00:00,08:00,08:00,00:00,00:00,00:00,03:29,00:00,00:00,01-Dec-2025,30-Dec-2025
